[     564ms] [ERROR] Failed to load resource: the server responded with a status of 404 (Not Found) @ http://localhost:3000/favicon.ico:0
[  757802ms] [ERROR] Failed to load resource: the server responded with a status of 404 (Not Found) @ http://localhost:3000/:0
[  758434ms] [INFO] %cDownload the React DevTools for a better development experience: https://reactjs.org/link/react-devtools font-weight:bold @ webpack-internal:///./node_modules/.pnpm/react-dom@18.3.1_react@18.3.1/node_modules/react-dom/cjs/react-dom.development.js:29889
[  758552ms] [LOG] [HMR] connected @ webpack-internal:///./node_modules/.pnpm/next@14.2.15_react-dom@18.3.1_react@18.3.1__react@18.3.1/node_modules/next/dist/client/components/react-dev-overlay/pages/websocket.js:38
[  819835ms] [ERROR] WebSocket connection to 'ws://localhost:3000/_next/webpack-hmr' failed: Error in connection establishment: net::ERR_CONNECTION_REFUSED @ webpack-internal:///./node_modules/.pnpm/next@14.2.15_react-dom@18.3.1_react@18.3.1__react@18.3.1/node_modules/next/dist/client/components/react-dev-overlay/pages/websocket.js:63
[  823193ms] [ERROR] WebSocket connection to 'ws://localhost:3000/_next/webpack-hmr' failed: Error in connection establishment: net::ERR_CONNECTION_REFUSED @ webpack-internal:///./node_modules/.pnpm/next@14.2.15_react-dom@18.3.1_react@18.3.1__react@18.3.1/node_modules/next/dist/client/components/react-dev-overlay/pages/websocket.js:63
[  826552ms] [ERROR] WebSocket connection to 'ws://localhost:3000/_next/webpack-hmr' failed: Error in connection establishment: net::ERR_CONNECTION_REFUSED @ webpack-internal:///./node_modules/.pnpm/next@14.2.15_react-dom@18.3.1_react@18.3.1__react@18.3.1/node_modules/next/dist/client/components/react-dev-overlay/pages/websocket.js:63
[  829911ms] [ERROR] WebSocket connection to 'ws://localhost:3000/_next/webpack-hmr' failed: Error in connection establishment: net::ERR_CONNECTION_REFUSED @ webpack-internal:///./node_modules/.pnpm/next@14.2.15_react-dom@18.3.1_react@18.3.1__react@18.3.1/node_modules/next/dist/client/components/react-dev-overlay/pages/websocket.js:63
[  833269ms] [ERROR] WebSocket connection to 'ws://localhost:3000/_next/webpack-hmr' failed: Error in connection establishment: net::ERR_CONNECTION_REFUSED @ webpack-internal:///./node_modules/.pnpm/next@14.2.15_react-dom@18.3.1_react@18.3.1__react@18.3.1/node_modules/next/dist/client/components/react-dev-overlay/pages/websocket.js:63
[  840616ms] [ERROR] WebSocket connection to 'ws://localhost:3000/_next/webpack-hmr' failed: Error in connection establishment: net::ERR_CONNECTION_REFUSED @ webpack-internal:///./node_modules/.pnpm/next@14.2.15_react-dom@18.3.1_react@18.3.1__react@18.3.1/node_modules/next/dist/client/components/react-dev-overlay/pages/websocket.js:63
[  847978ms] [ERROR] WebSocket connection to 'ws://localhost:3000/_next/webpack-hmr' failed: Error in connection establishment: net::ERR_CONNECTION_REFUSED @ webpack-internal:///./node_modules/.pnpm/next@14.2.15_react-dom@18.3.1_react@18.3.1__react@18.3.1/node_modules/next/dist/client/components/react-dev-overlay/pages/websocket.js:63
[  855358ms] [ERROR] WebSocket connection to 'ws://localhost:3000/_next/webpack-hmr' failed: Error in connection establishment: net::ERR_CONNECTION_REFUSED @ webpack-internal:///./node_modules/.pnpm/next@14.2.15_react-dom@18.3.1_react@18.3.1__react@18.3.1/node_modules/next/dist/client/components/react-dev-overlay/pages/websocket.js:63
[  862716ms] [ERROR] WebSocket connection to 'ws://localhost:3000/_next/webpack-hmr' failed: Error in connection establishment: net::ERR_CONNECTION_REFUSED @ webpack-internal:///./node_modules/.pnpm/next@14.2.15_react-dom@18.3.1_react@18.3.1__react@18.3.1/node_modules/next/dist/client/components/react-dev-overlay/pages/websocket.js:63
[  870080ms] [ERROR] WebSocket connection to 'ws://localhost:3000/_next/webpack-hmr' failed: Error in connection establishment: net::ERR_CONNECTION_REFUSED @ webpack-internal:///./node_modules/.pnpm/next@14.2.15_react-dom@18.3.1_react@18.3.1__react@18.3.1/node_modules/next/dist/client/components/react-dev-overlay/pages/websocket.js:63
[  877442ms] [ERROR] WebSocket connection to 'ws://localhost:3000/_next/webpack-hmr' failed: Error in connection establishment: net::ERR_CONNECTION_REFUSED @ webpack-internal:///./node_modules/.pnpm/next@14.2.15_react-dom@18.3.1_react@18.3.1__react@18.3.1/node_modules/next/dist/client/components/react-dev-overlay/pages/websocket.js:63
[  884830ms] [ERROR] WebSocket connection to 'ws://localhost:3000/_next/webpack-hmr' failed: Error in connection establishment: net::ERR_CONNECTION_REFUSED @ webpack-internal:///./node_modules/.pnpm/next@14.2.15_react-dom@18.3.1_react@18.3.1__react@18.3.1/node_modules/next/dist/client/components/react-dev-overlay/pages/websocket.js:63
[  892193ms] [ERROR] WebSocket connection to 'ws://localhost:3000/_next/webpack-hmr' failed: Error in connection establishment: net::ERR_CONNECTION_REFUSED @ webpack-internal:///./node_modules/.pnpm/next@14.2.15_react-dom@18.3.1_react@18.3.1__react@18.3.1/node_modules/next/dist/client/components/react-dev-overlay/pages/websocket.js:63
[  899557ms] [ERROR] WebSocket connection to 'ws://localhost:3000/_next/webpack-hmr' failed: Error in connection establishment: net::ERR_CONNECTION_REFUSED @ webpack-internal:///./node_modules/.pnpm/next@14.2.15_react-dom@18.3.1_react@18.3.1__react@18.3.1/node_modules/next/dist/client/components/react-dev-overlay/pages/websocket.js:63
[  906919ms] [ERROR] WebSocket connection to 'ws://localhost:3000/_next/webpack-hmr' failed: Error in connection establishment: net::ERR_CONNECTION_REFUSED @ webpack-internal:///./node_modules/.pnpm/next@14.2.15_react-dom@18.3.1_react@18.3.1__react@18.3.1/node_modules/next/dist/client/components/react-dev-overlay/pages/websocket.js:63
[  914271ms] [ERROR] WebSocket connection to 'ws://localhost:3000/_next/webpack-hmr' failed: Error in connection establishment: net::ERR_CONNECTION_REFUSED @ webpack-internal:///./node_modules/.pnpm/next@14.2.15_react-dom@18.3.1_react@18.3.1__react@18.3.1/node_modules/next/dist/client/components/react-dev-overlay/pages/websocket.js:63
[  921620ms] [ERROR] WebSocket connection to 'ws://localhost:3000/_next/webpack-hmr' failed: Error in connection establishment: net::ERR_CONNECTION_REFUSED @ webpack-internal:///./node_modules/.pnpm/next@14.2.15_react-dom@18.3.1_react@18.3.1__react@18.3.1/node_modules/next/dist/client/components/react-dev-overlay/pages/websocket.js:63
[  929020ms] [ERROR] WebSocket connection to 'ws://localhost:3000/_next/webpack-hmr' failed: Error in connection establishment: net::ERR_CONNECTION_REFUSED @ webpack-internal:///./node_modules/.pnpm/next@14.2.15_react-dom@18.3.1_react@18.3.1__react@18.3.1/node_modules/next/dist/client/components/react-dev-overlay/pages/websocket.js:63
[  936418ms] [ERROR] WebSocket connection to 'ws://localhost:3000/_next/webpack-hmr' failed: Error in connection establishment: net::ERR_CONNECTION_REFUSED @ webpack-internal:///./node_modules/.pnpm/next@14.2.15_react-dom@18.3.1_react@18.3.1__react@18.3.1/node_modules/next/dist/client/components/react-dev-overlay/pages/websocket.js:63
[  943808ms] [ERROR] WebSocket connection to 'ws://localhost:3000/_next/webpack-hmr' failed: Error in connection establishment: net::ERR_CONNECTION_REFUSED @ webpack-internal:///./node_modules/.pnpm/next@14.2.15_react-dom@18.3.1_react@18.3.1__react@18.3.1/node_modules/next/dist/client/components/react-dev-overlay/pages/websocket.js:63
[  951216ms] [ERROR] WebSocket connection to 'ws://localhost:3000/_next/webpack-hmr' failed: Error in connection establishment: net::ERR_CONNECTION_REFUSED @ webpack-internal:///./node_modules/.pnpm/next@14.2.15_react-dom@18.3.1_react@18.3.1__react@18.3.1/node_modules/next/dist/client/components/react-dev-overlay/pages/websocket.js:63
[  959031ms] [ERROR] WebSocket connection to 'ws://localhost:3000/_next/webpack-hmr' failed: Error in connection establishment: net::ERR_CONNECTION_REFUSED @ webpack-internal:///./node_modules/.pnpm/next@14.2.15_react-dom@18.3.1_react@18.3.1__react@18.3.1/node_modules/next/dist/client/components/react-dev-overlay/pages/websocket.js:63
[  966437ms] [ERROR] WebSocket connection to 'ws://localhost:3000/_next/webpack-hmr' failed: Error in connection establishment: net::ERR_CONNECTION_REFUSED @ webpack-internal:///./node_modules/.pnpm/next@14.2.15_react-dom@18.3.1_react@18.3.1__react@18.3.1/node_modules/next/dist/client/components/react-dev-overlay/pages/websocket.js:63
[  973925ms] [ERROR] WebSocket connection to 'ws://localhost:3000/_next/webpack-hmr' failed: Error in connection establishment: net::ERR_CONNECTION_REFUSED @ webpack-internal:///./node_modules/.pnpm/next@14.2.15_react-dom@18.3.1_react@18.3.1__react@18.3.1/node_modules/next/dist/client/components/react-dev-overlay/pages/websocket.js:63
[  981391ms] [ERROR] WebSocket connection to 'ws://localhost:3000/_next/webpack-hmr' failed: Error in connection establishment: net::ERR_CONNECTION_REFUSED @ webpack-internal:///./node_modules/.pnpm/next@14.2.15_react-dom@18.3.1_react@18.3.1__react@18.3.1/node_modules/next/dist/client/components/react-dev-overlay/pages/websocket.js:63
[ 1453979ms] [ERROR] TypeError: Failed to execute 'animate' on 'Element': Offsets must be monotonically non-decreasing.
    at http://localhost:3000/_next/static/chunks/169-27fafc02ad562b87.js:1:70070
    at new tb (http://localhost:3000/_next/static/chunks/169-27fafc02ad562b87.js:1:70083)
    at ef.bindToMotionValue (http://localhost:3000/_next/static/chunks/169-27fafc02ad562b87.js:1:76089)
    at ef.addValue (http://localhost:3000/_next/static/chunks/169-27fafc02ad562b87.js:1:78811)
    at http://localhost:3000/_next/static/chunks/169-27fafc02ad562b87.js:1:77810
    at ef.update (http://localhost:3000/_next/static/chunks/169-27fafc02ad562b87.js:1:78123)
    at ef.mount (http://localhost:3000/_next/static/chunks/169-27fafc02ad562b87.js:1:75176)
    at ef.mount (http://localhost:3000/_next/static/chunks/169-27fafc02ad562b87.js:1:86496)
    at http://localhost:3000/_next/static/chunks/169-27fafc02ad562b87.js:1:94610
    at aB (http://localhost:3000/_next/static/chunks/c56bfed3-66e7355723c14b60.js:1:72545) @ http://localhost:3000/_next/static/chunks/330-07c4f8fd236863dc.js:0
[ 2067112ms] [INFO] %cDownload the React DevTools for a better development experience: https://reactjs.org/link/react-devtools font-weight:bold @ webpack-internal:///(app-pages-browser)/./node_modules/.pnpm/next@14.2.15_react-dom@18.3.1_react@18.3.1__react@18.3.1/node_modules/next/dist/compiled/react-dom/cjs/react-dom.development.js:38559
[ 2067898ms] TypeError: Failed to execute 'animate' on 'Element': Offsets must be monotonically non-decreasing.
    at startWaapiAnimation (webpack-internal:///(app-pages-browser)/./node_modules/.pnpm/motion-dom@13.1.1/node_modules/motion-dom/dist/es/animation/waapi/start-waapi-animation.mjs:30:20)
    at new NativeAnimation (webpack-internal:///(app-pages-browser)/./node_modules/.pnpm/motion-dom@13.1.1/node_modules/motion-dom/dist/es/animation/NativeAnimation.mjs:44:111)
    at HTMLVisualElement.bindToMotionValue (webpack-internal:///(app-pages-browser)/./node_modules/.pnpm/motion-dom@13.1.1/node_modules/motion-dom/dist/es/render/VisualElement.mjs:296:31)
    at HTMLVisualElement.addValue (webpack-internal:///(app-pages-browser)/./node_modules/.pnpm/motion-dom@13.1.1/node_modules/motion-dom/dist/es/render/VisualElement.mjs:473:18)
    at updateMotionValuesFromProps (webpack-internal:///(app-pages-browser)/./node_modules/.pnpm/motion-dom@13.1.1/node_modules/motion-dom/dist/es/render/utils/motion-values.mjs:23:21)
    at HTMLVisualElement.update (webpack-internal:///(app-pages-browser)/./node_modules/.pnpm/motion-dom@13.1.1/node_modules/motion-dom/dist/es/render/VisualElement.mjs:423:119)
    at HTMLVisualElement.mount (webpack-internal:///(app-pages-browser)/./node_modules/.pnpm/motion-dom@13.1.1/node_modules/motion-dom/dist/es/render/VisualElement.mjs:256:14)
    at HTMLVisualElement.mount (webpack-internal:///(app-pages-browser)/./node_modules/.pnpm/motion-dom@13.1.1/node_modules/motion-dom/dist/es/render/html/HTMLVisualElement.mjs:41:15)
    at eval (webpack-internal:///(app-pages-browser)/./node_modules/.pnpm/framer-motion@13.1.1_react-dom@18.3.1_react@18.3.1__react@18.3.1/node_modules/framer-motion/dist/es/motion/utils/use-motion-ref.mjs:31:38)
    at commitAttachRef (webpack-internal:///(app-pages-browser)/./node_modules/.pnpm/next@14.2.15_react-dom@18.3.1_react@18.3.1__react@18.3.1/node_modules/next/dist/compiled/react-dom/cjs/react-dom.development.js:21677:37)
    at safelyAttachRef (webpack-internal:///(app-pages-browser)/./node_modules/.pnpm/next@14.2.15_react-dom@18.3.1_react@18.3.1__react@18.3.1/node_modules/next/dist/compiled/react-dom/cjs/react-dom.development.js:20803:5)
    at commitLayoutEffectOnFiber (webpack-internal:///(app-pages-browser)/./node_modules/.pnpm/next@14.2.15_react-dom@18.3.1_react@18.3.1__react@18.3.1/node_modules/next/dist/compiled/react-dom/cjs/react-dom.development.js:21498:11)
    at recursivelyTraverseLayoutEffects (webpack-internal:///(app-pages-browser)/./node_modules/.pnpm/next@14.2.15_react-dom@18.3.1_react@18.3.1__react@18.3.1/node_modules/next/dist/compiled/react-dom/cjs/react-dom.development.js:22926:7)
    at commitLayoutEffectOnFiber (webpack-internal:///(app-pages-browser)/./node_modules/.pnpm/next@14.2.15_react-dom@18.3.1_react@18.3.1__react@18.3.1/node_modules/next/dist/compiled/react-dom/cjs/react-dom.development.js:21577:9)
    at recursivelyTraverseLayoutEffects (webpack-internal:///(app-pages-browser)/./node_modules/.pnpm/next@14.2.15_react-dom@18.3.1_react@18.3.1__react@18.3.1/node_modules/next/dist/compiled/react-dom/cjs/react-dom.development.js:22926:7)
    at commitLayoutEffectOnFiber (webpack-internal:///(app-pages-browser)/./node_modules/.pnpm/next@14.2.15_react-dom@18.3.1_react@18.3.1__react@18.3.1/node_modules/next/dist/compiled/react-dom/cjs/react-dom.development.js:21407:9)
    at recursivelyTraverseLayoutEffects (webpack-internal:///(app-pages-browser)/./node_modules/.pnpm/next@14.2.15_react-dom@18.3.1_react@18.3.1__react@18.3.1/node_modules/next/dist/compiled/react-dom/cjs/react-dom.development.js:22926:7)
    at commitLayoutEffectOnFiber (webpack-internal:///(app-pages-browser)/./node_modules/.pnpm/next@14.2.15_react-dom@18.3.1_react@18.3.1__react@18.3.1/node_modules/next/dist/compiled/react-dom/cjs/react-dom.development.js:21407:9)
    at recursivelyTraverseLayoutEffects (webpack-internal:///(app-pages-browser)/./node_modules/.pnpm/next@14.2.15_react-dom@18.3.1_react@18.3.1__react@18.3.1/node_modules/next/dist/compiled/react-dom/cjs/react-dom.development.js:22926:7)
    at commitLayoutEffectOnFiber (webpack-internal:///(app-pages-browser)/./node_modules/.pnpm/next@14.2.15_react-dom@18.3.1_react@18.3.1__react@18.3.1/node_modules/next/dist/compiled/react-dom/cjs/react-dom.development.js:21488:9)
    at recursivelyTraverseLayoutEffects (webpack-internal:///(app-pages-browser)/./node_modules/.pnpm/next@14.2.15_react-dom@18.3.1_react@18.3.1__react@18.3.1/node_modules/next/dist/compiled/react-dom/cjs/react-dom.development.js:22926:7)
    at commitLayoutEffectOnFiber (webpack-internal:///(app-pages-browser)/./node_modules/.pnpm/next@14.2.15_react-dom@18.3.1_react@18.3.1__react@18.3.1/node_modules/next/dist/compiled/react-dom/cjs/react-dom.development.js:21488:9)
    at recursivelyTraverseLayoutEffects (webpack-internal:///(app-pages-browser)/./node_modules/.pnpm/next@14.2.15_react-dom@18.3.1_react@18.3.1__react@18.3.1/node_modules/next/dist/compiled/react-dom/cjs/react-dom.development.js:22926:7)
    at commitLayoutEffectOnFiber (webpack-internal:///(app-pages-browser)/./node_modules/.pnpm/next@14.2.15_react-dom@18.3.1_react@18.3.1__react@18.3.1/node_modules/next/dist/compiled/react-dom/cjs/react-dom.development.js:21488:9)
    at recursivelyTraverseLayoutEffects (webpack-internal:///(app-pages-browser)/./node_modules/.pnpm/next@14.2.15_react-dom@18.3.1_react@18.3.1__react@18.3.1/node_modules/next/dist/compiled/react-dom/cjs/react-dom.development.js:22926:7)
    at commitLayoutEffectOnFiber (webpack-internal:///(app-pages-browser)/./node_modules/.pnpm/next@14.2.15_react-dom@18.3.1_react@18.3.1__react@18.3.1/node_modules/next/dist/compiled/react-dom/cjs/react-dom.development.js:21407:9)
    at recursivelyTraverseLayoutEffects (webpack-internal:///(app-pages-browser)/./node_modules/.pnpm/next@14.2.15_react-dom@18.3.1_react@18.3.1__react@18.3.1/node_modules/next/dist/compiled/react-dom/cjs/react-dom.development.js:22926:7)
    at commitLayoutEffectOnFiber (webpack-internal:///(app-pages-browser)/./node_modules/.pnpm/next@14.2.15_react-dom@18.3.1_react@18.3.1__react@18.3.1/node_modules/next/dist/compiled/react-dom/cjs/react-dom.development.js:21488:9)
    at recursivelyTraverseLayoutEffects (webpack-internal:///(app-pages-browser)/./node_modules/.pnpm/next@14.2.15_react-dom@18.3.1_react@18.3.1__react@18.3.1/node_modules/next/dist/compiled/react-dom/cjs/react-dom.development.js:22926:7)
    at commitLayoutEffectOnFiber (webpack-internal:///(app-pages-browser)/./node_modules/.pnpm/next@14.2.15_react-dom@18.3.1_react@18.3.1__react@18.3.1/node_modules/next/dist/compiled/react-dom/cjs/react-dom.development.js:21577:9)
    at recursivelyTraverseLayoutEffects (webpack-internal:///(app-pages-browser)/./node_modules/.pnpm/next@14.2.15_react-dom@18.3.1_react@18.3.1__react@18.3.1/node_modules/next/dist/compiled/react-dom/cjs/react-dom.development.js:22926:7)
    at commitLayoutEffectOnFiber (webpack-internal:///(app-pages-browser)/./node_modules/.pnpm/next@14.2.15_react-dom@18.3.1_react@18.3.1__react@18.3.1/node_modules/next/dist/compiled/react-dom/cjs/react-dom.development.js:21577:9)
    at recursivelyTraverseLayoutEffects (webpack-internal:///(app-pages-browser)/./node_modules/.pnpm/next@14.2.15_react-dom@18.3.1_react@18.3.1__react@18.3.1/node_modules/next/dist/compiled/react-dom/cjs/react-dom.development.js:22926:7)
    at commitLayoutEffectOnFiber (webpack-internal:///(app-pages-browser)/./node_modules/.pnpm/next@14.2.15_react-dom@18.3.1_react@18.3.1__react@18.3.1/node_modules/next/dist/compiled/react-dom/cjs/react-dom.development.js:21577:9)
    at recursivelyTraverseLayoutEffects (webpack-internal:///(app-pages-browser)/./node_modules/.pnpm/next@14.2.15_react-dom@18.3.1_react@18.3.1__react@18.3.1/node_modules/next/dist/compiled/react-dom/cjs/react-dom.development.js:22926:7)
    at commitLayoutEffectOnFiber (webpack-internal:///(app-pages-browser)/./node_modules/.pnpm/next@14.2.15_react-dom@18.3.1_react@18.3.1__react@18.3.1/node_modules/next/dist/compiled/react-dom/cjs/react-dom.development.js:21407:9)
    at recursivelyTraverseLayoutEffects (webpack-internal:///(app-pages-browser)/./node_modules/.pnpm/next@14.2.15_react-dom@18.3.1_react@18.3.1__react@18.3.1/node_modules/next/dist/compiled/react-dom/cjs/react-dom.development.js:22926:7)
    at commitLayoutEffectOnFiber (webpack-internal:///(app-pages-browser)/./node_modules/.pnpm/next@14.2.15_react-dom@18.3.1_react@18.3.1__react@18.3.1/node_modules/next/dist/compiled/react-dom/cjs/react-dom.development.js:21418:9)
    at recursivelyTraverseLayoutEffects (webpack-internal:///(app-pages-browser)/./node_modules/.pnpm/next@14.2.15_react-dom@18.3.1_react@18.3.1__react@18.3.1/node_modules/next/dist/compiled/react-dom/cjs/react-dom.development.js:22926:7)
    at commitLayoutEffectOnFiber (webpack-internal:///(app-pages-browser)/./node_modules/.pnpm/next@14.2.15_react-dom@18.3.1_react@18.3.1__react@18.3.1/node_modules/next/dist/compiled/react-dom/cjs/react-dom.development.js:21407:9)
    at recursivelyTraverseLayoutEffects (webpack-internal:///(app-pages-browser)/./node_modules/.pnpm/next@14.2.15_react-dom@18.3.1_react@18.3.1__react@18.3.1/node_modules/next/dist/compiled/react-dom/cjs/react-dom.development.js:22926:7)
    at commitLayoutEffectOnFiber (webpack-internal:///(app-pages-browser)/./node_modules/.pnpm/next@14.2.15_react-dom@18.3.1_react@18.3.1__react@18.3.1/node_modules/next/dist/compiled/react-dom/cjs/react-dom.development.js:21418:9)
    at recursivelyTraverseLayoutEffects (webpack-internal:///(app-pages-browser)/./node_modules/.pnpm/next@14.2.15_react-dom@18.3.1_react@18.3.1__react@18.3.1/node_modules/next/dist/compiled/react-dom/cjs/react-dom.development.js:22926:7)
    at commitLayoutEffectOnFiber (webpack-internal:///(app-pages-browser)/./node_modules/.pnpm/next@14.2.15_react-dom@18.3.1_react@18.3.1__react@18.3.1/node_modules/next/dist/compiled/react-dom/cjs/react-dom.development.js:21407:9)
    at recursivelyTraverseLayoutEffects (webpack-internal:///(app-pages-browser)/./node_modules/.pnpm/next@14.2.15_react-dom@18.3.1_react@18.3.1__react@18.3.1/node_modules/next/dist/compiled/react-dom/cjs/react-dom.development.js:22926:7)
    at commitLayoutEffectOnFiber (webpack-internal:///(app-pages-browser)/./node_modules/.pnpm/next@14.2.15_react-dom@18.3.1_react@18.3.1__react@18.3.1/node_modules/next/dist/compiled/react-dom/cjs/react-dom.development.js:21407:9)
    at recursivelyTraverseLayoutEffects (webpack-internal:///(app-pages-browser)/./node_modules/.pnpm/next@14.2.15_react-dom@18.3.1_react@18.3.1__react@18.3.1/node_modules/next/dist/compiled/react-dom/cjs/react-dom.development.js:22926:7)
    at commitLayoutEffectOnFiber (webpack-internal:///(app-pages-browser)/./node_modules/.pnpm/next@14.2.15_react-dom@18.3.1_react@18.3.1__react@18.3.1/node_modules/next/dist/compiled/react-dom/cjs/react-dom.development.js:21407:9)
    at recursivelyTraverseLayoutEffects (webpack-internal:///(app-pages-browser)/./node_modules/.pnpm/next@14.2.15_react-dom@18.3.1_react@18.3.1__react@18.3.1/node_modules/next/dist/compiled/react-dom/cjs/react-dom.development.js:22926:7)
    at commitLayoutEffectOnFiber (webpack-internal:///(app-pages-browser)/./node_modules/.pnpm/next@14.2.15_react-dom@18.3.1_react@18.3.1__react@18.3.1/node_modules/next/dist/compiled/react-dom/cjs/react-dom.development.js:21418:9)
[ 2068015ms] TypeError: Failed to execute 'animate' on 'Element': Offsets must be monotonically non-decreasing.
    at startWaapiAnimation (webpack-internal:///(app-pages-browser)/./node_modules/.pnpm/motion-dom@13.1.1/node_modules/motion-dom/dist/es/animation/waapi/start-waapi-animation.mjs:30:20)
    at new NativeAnimation (webpack-internal:///(app-pages-browser)/./node_modules/.pnpm/motion-dom@13.1.1/node_modules/motion-dom/dist/es/animation/NativeAnimation.mjs:44:111)
    at HTMLVisualElement.bindToMotionValue (webpack-internal:///(app-pages-browser)/./node_modules/.pnpm/motion-dom@13.1.1/node_modules/motion-dom/dist/es/render/VisualElement.mjs:296:31)
    at HTMLVisualElement.addValue (webpack-internal:///(app-pages-browser)/./node_modules/.pnpm/motion-dom@13.1.1/node_modules/motion-dom/dist/es/render/VisualElement.mjs:473:18)
    at updateMotionValuesFromProps (webpack-internal:///(app-pages-browser)/./node_modules/.pnpm/motion-dom@13.1.1/node_modules/motion-dom/dist/es/render/utils/motion-values.mjs:23:21)
    at HTMLVisualElement.update (webpack-internal:///(app-pages-browser)/./node_modules/.pnpm/motion-dom@13.1.1/node_modules/motion-dom/dist/es/render/VisualElement.mjs:423:119)
    at HTMLVisualElement.mount (webpack-internal:///(app-pages-browser)/./node_modules/.pnpm/motion-dom@13.1.1/node_modules/motion-dom/dist/es/render/VisualElement.mjs:256:14)
    at HTMLVisualElement.mount (webpack-internal:///(app-pages-browser)/./node_modules/.pnpm/motion-dom@13.1.1/node_modules/motion-dom/dist/es/render/html/HTMLVisualElement.mjs:41:15)
    at eval (webpack-internal:///(app-pages-browser)/./node_modules/.pnpm/framer-motion@13.1.1_react-dom@18.3.1_react@18.3.1__react@18.3.1/node_modules/framer-motion/dist/es/motion/utils/use-motion-ref.mjs:31:38)
    at commitAttachRef (webpack-internal:///(app-pages-browser)/./node_modules/.pnpm/next@14.2.15_react-dom@18.3.1_react@18.3.1__react@18.3.1/node_modules/next/dist/compiled/react-dom/cjs/react-dom.development.js:21677:37)
    at safelyAttachRef (webpack-internal:///(app-pages-browser)/./node_modules/.pnpm/next@14.2.15_react-dom@18.3.1_react@18.3.1__react@18.3.1/node_modules/next/dist/compiled/react-dom/cjs/react-dom.development.js:20803:5)
    at commitLayoutEffectOnFiber (webpack-internal:///(app-pages-browser)/./node_modules/.pnpm/next@14.2.15_react-dom@18.3.1_react@18.3.1__react@18.3.1/node_modules/next/dist/compiled/react-dom/cjs/react-dom.development.js:21498:11)
    at recursivelyTraverseLayoutEffects (webpack-internal:///(app-pages-browser)/./node_modules/.pnpm/next@14.2.15_react-dom@18.3.1_react@18.3.1__react@18.3.1/node_modules/next/dist/compiled/react-dom/cjs/react-dom.development.js:22926:7)
    at commitLayoutEffectOnFiber (webpack-internal:///(app-pages-browser)/./node_modules/.pnpm/next@14.2.15_react-dom@18.3.1_react@18.3.1__react@18.3.1/node_modules/next/dist/compiled/react-dom/cjs/react-dom.development.js:21577:9)
    at recursivelyTraverseLayoutEffects (webpack-internal:///(app-pages-browser)/./node_modules/.pnpm/next@14.2.15_react-dom@18.3.1_react@18.3.1__react@18.3.1/node_modules/next/dist/compiled/react-dom/cjs/react-dom.development.js:22926:7)
    at commitLayoutEffectOnFiber (webpack-internal:///(app-pages-browser)/./node_modules/.pnpm/next@14.2.15_react-dom@18.3.1_react@18.3.1__react@18.3.1/node_modules/next/dist/compiled/react-dom/cjs/react-dom.development.js:21407:9)
    at recursivelyTraverseLayoutEffects (webpack-internal:///(app-pages-browser)/./node_modules/.pnpm/next@14.2.15_react-dom@18.3.1_react@18.3.1__react@18.3.1/node_modules/next/dist/compiled/react-dom/cjs/react-dom.development.js:22926:7)
    at commitLayoutEffectOnFiber (webpack-internal:///(app-pages-browser)/./node_modules/.pnpm/next@14.2.15_react-dom@18.3.1_react@18.3.1__react@18.3.1/node_modules/next/dist/compiled/react-dom/cjs/react-dom.development.js:21407:9)
    at recursivelyTraverseLayoutEffects (webpack-internal:///(app-pages-browser)/./node_modules/.pnpm/next@14.2.15_react-dom@18.3.1_react@18.3.1__react@18.3.1/node_modules/next/dist/compiled/react-dom/cjs/react-dom.development.js:22926:7)
    at commitLayoutEffectOnFiber (webpack-internal:///(app-pages-browser)/./node_modules/.pnpm/next@14.2.15_react-dom@18.3.1_react@18.3.1__react@18.3.1/node_modules/next/dist/compiled/react-dom/cjs/react-dom.development.js:21488:9)
    at recursivelyTraverseLayoutEffects (webpack-internal:///(app-pages-browser)/./node_modules/.pnpm/next@14.2.15_react-dom@18.3.1_react@18.3.1__react@18.3.1/node_modules/next/dist/compiled/react-dom/cjs/react-dom.development.js:22926:7)
    at commitLayoutEffectOnFiber (webpack-internal:///(app-pages-browser)/./node_modules/.pnpm/next@14.2.15_react-dom@18.3.1_react@18.3.1__react@18.3.1/node_modules/next/dist/compiled/react-dom/cjs/react-dom.development.js:21488:9)
    at recursivelyTraverseLayoutEffects (webpack-internal:///(app-pages-browser)/./node_modules/.pnpm/next@14.2.15_react-dom@18.3.1_react@18.3.1__react@18.3.1/node_modules/next/dist/compiled/react-dom/cjs/react-dom.development.js:22926:7)
    at commitLayoutEffectOnFiber (webpack-internal:///(app-pages-browser)/./node_modules/.pnpm/next@14.2.15_react-dom@18.3.1_react@18.3.1__react@18.3.1/node_modules/next/dist/compiled/react-dom/cjs/react-dom.development.js:21488:9)
    at recursivelyTraverseLayoutEffects (webpack-internal:///(app-pages-browser)/./node_modules/.pnpm/next@14.2.15_react-dom@18.3.1_react@18.3.1__react@18.3.1/node_modules/next/dist/compiled/react-dom/cjs/react-dom.development.js:22926:7)
    at commitLayoutEffectOnFiber (webpack-internal:///(app-pages-browser)/./node_modules/.pnpm/next@14.2.15_react-dom@18.3.1_react@18.3.1__react@18.3.1/node_modules/next/dist/compiled/react-dom/cjs/react-dom.development.js:21407:9)
    at recursivelyTraverseLayoutEffects (webpack-internal:///(app-pages-browser)/./node_modules/.pnpm/next@14.2.15_react-dom@18.3.1_react@18.3.1__react@18.3.1/node_modules/next/dist/compiled/react-dom/cjs/react-dom.development.js:22926:7)
    at commitLayoutEffectOnFiber (webpack-internal:///(app-pages-browser)/./node_modules/.pnpm/next@14.2.15_react-dom@18.3.1_react@18.3.1__react@18.3.1/node_modules/next/dist/compiled/react-dom/cjs/react-dom.development.js:21488:9)
    at recursivelyTraverseLayoutEffects (webpack-internal:///(app-pages-browser)/./node_modules/.pnpm/next@14.2.15_react-dom@18.3.1_react@18.3.1__react@18.3.1/node_modules/next/dist/compiled/react-dom/cjs/react-dom.development.js:22926:7)
    at commitLayoutEffectOnFiber (webpack-internal:///(app-pages-browser)/./node_modules/.pnpm/next@14.2.15_react-dom@18.3.1_react@18.3.1__react@18.3.1/node_modules/next/dist/compiled/react-dom/cjs/react-dom.development.js:21577:9)
    at recursivelyTraverseLayoutEffects (webpack-internal:///(app-pages-browser)/./node_modules/.pnpm/next@14.2.15_react-dom@18.3.1_react@18.3.1__react@18.3.1/node_modules/next/dist/compiled/react-dom/cjs/react-dom.development.js:22926:7)
    at commitLayoutEffectOnFiber (webpack-internal:///(app-pages-browser)/./node_modules/.pnpm/next@14.2.15_react-dom@18.3.1_react@18.3.1__react@18.3.1/node_modules/next/dist/compiled/react-dom/cjs/react-dom.development.js:21577:9)
    at recursivelyTraverseLayoutEffects (webpack-internal:///(app-pages-browser)/./node_modules/.pnpm/next@14.2.15_react-dom@18.3.1_react@18.3.1__react@18.3.1/node_modules/next/dist/compiled/react-dom/cjs/react-dom.development.js:22926:7)
    at commitLayoutEffectOnFiber (webpack-internal:///(app-pages-browser)/./node_modules/.pnpm/next@14.2.15_react-dom@18.3.1_react@18.3.1__react@18.3.1/node_modules/next/dist/compiled/react-dom/cjs/react-dom.development.js:21577:9)
    at recursivelyTraverseLayoutEffects (webpack-internal:///(app-pages-browser)/./node_modules/.pnpm/next@14.2.15_react-dom@18.3.1_react@18.3.1__react@18.3.1/node_modules/next/dist/compiled/react-dom/cjs/react-dom.development.js:22926:7)
    at commitLayoutEffectOnFiber (webpack-internal:///(app-pages-browser)/./node_modules/.pnpm/next@14.2.15_react-dom@18.3.1_react@18.3.1__react@18.3.1/node_modules/next/dist/compiled/react-dom/cjs/react-dom.development.js:21407:9)
    at recursivelyTraverseLayoutEffects (webpack-internal:///(app-pages-browser)/./node_modules/.pnpm/next@14.2.15_react-dom@18.3.1_react@18.3.1__react@18.3.1/node_modules/next/dist/compiled/react-dom/cjs/react-dom.development.js:22926:7)
    at commitLayoutEffectOnFiber (webpack-internal:///(app-pages-browser)/./node_modules/.pnpm/next@14.2.15_react-dom@18.3.1_react@18.3.1__react@18.3.1/node_modules/next/dist/compiled/react-dom/cjs/react-dom.development.js:21418:9)
    at recursivelyTraverseLayoutEffects (webpack-internal:///(app-pages-browser)/./node_modules/.pnpm/next@14.2.15_react-dom@18.3.1_react@18.3.1__react@18.3.1/node_modules/next/dist/compiled/react-dom/cjs/react-dom.development.js:22926:7)
    at commitLayoutEffectOnFiber (webpack-internal:///(app-pages-browser)/./node_modules/.pnpm/next@14.2.15_react-dom@18.3.1_react@18.3.1__react@18.3.1/node_modules/next/dist/compiled/react-dom/cjs/react-dom.development.js:21407:9)
    at recursivelyTraverseLayoutEffects (webpack-internal:///(app-pages-browser)/./node_modules/.pnpm/next@14.2.15_react-dom@18.3.1_react@18.3.1__react@18.3.1/node_modules/next/dist/compiled/react-dom/cjs/react-dom.development.js:22926:7)
    at commitLayoutEffectOnFiber (webpack-internal:///(app-pages-browser)/./node_modules/.pnpm/next@14.2.15_react-dom@18.3.1_react@18.3.1__react@18.3.1/node_modules/next/dist/compiled/react-dom/cjs/react-dom.development.js:21418:9)
    at recursivelyTraverseLayoutEffects (webpack-internal:///(app-pages-browser)/./node_modules/.pnpm/next@14.2.15_react-dom@18.3.1_react@18.3.1__react@18.3.1/node_modules/next/dist/compiled/react-dom/cjs/react-dom.development.js:22926:7)
    at commitLayoutEffectOnFiber (webpack-internal:///(app-pages-browser)/./node_modules/.pnpm/next@14.2.15_react-dom@18.3.1_react@18.3.1__react@18.3.1/node_modules/next/dist/compiled/react-dom/cjs/react-dom.development.js:21407:9)
    at recursivelyTraverseLayoutEffects (webpack-internal:///(app-pages-browser)/./node_modules/.pnpm/next@14.2.15_react-dom@18.3.1_react@18.3.1__react@18.3.1/node_modules/next/dist/compiled/react-dom/cjs/react-dom.development.js:22926:7)
    at commitLayoutEffectOnFiber (webpack-internal:///(app-pages-browser)/./node_modules/.pnpm/next@14.2.15_react-dom@18.3.1_react@18.3.1__react@18.3.1/node_modules/next/dist/compiled/react-dom/cjs/react-dom.development.js:21407:9)
    at recursivelyTraverseLayoutEffects (webpack-internal:///(app-pages-browser)/./node_modules/.pnpm/next@14.2.15_react-dom@18.3.1_react@18.3.1__react@18.3.1/node_modules/next/dist/compiled/react-dom/cjs/react-dom.development.js:22926:7)
    at commitLayoutEffectOnFiber (webpack-internal:///(app-pages-browser)/./node_modules/.pnpm/next@14.2.15_react-dom@18.3.1_react@18.3.1__react@18.3.1/node_modules/next/dist/compiled/react-dom/cjs/react-dom.development.js:21407:9)
    at recursivelyTraverseLayoutEffects (webpack-internal:///(app-pages-browser)/./node_modules/.pnpm/next@14.2.15_react-dom@18.3.1_react@18.3.1__react@18.3.1/node_modules/next/dist/compiled/react-dom/cjs/react-dom.development.js:22926:7)
    at commitLayoutEffectOnFiber (webpack-internal:///(app-pages-browser)/./node_modules/.pnpm/next@14.2.15_react-dom@18.3.1_react@18.3.1__react@18.3.1/node_modules/next/dist/compiled/react-dom/cjs/react-dom.development.js:21418:9)
[ 2068028ms] TypeError: Failed to execute 'animate' on 'Element': Offsets must be monotonically non-decreasing.
    at startWaapiAnimation (webpack-internal:///(app-pages-browser)/./node_modules/.pnpm/motion-dom@13.1.1/node_modules/motion-dom/dist/es/animation/waapi/start-waapi-animation.mjs:30:20)
    at new NativeAnimation (webpack-internal:///(app-pages-browser)/./node_modules/.pnpm/motion-dom@13.1.1/node_modules/motion-dom/dist/es/animation/NativeAnimation.mjs:44:111)
    at HTMLVisualElement.bindToMotionValue (webpack-internal:///(app-pages-browser)/./node_modules/.pnpm/motion-dom@13.1.1/node_modules/motion-dom/dist/es/render/VisualElement.mjs:296:31)
    at HTMLVisualElement.addValue (webpack-internal:///(app-pages-browser)/./node_modules/.pnpm/motion-dom@13.1.1/node_modules/motion-dom/dist/es/render/VisualElement.mjs:473:18)
    at updateMotionValuesFromProps (webpack-internal:///(app-pages-browser)/./node_modules/.pnpm/motion-dom@13.1.1/node_modules/motion-dom/dist/es/render/utils/motion-values.mjs:23:21)
    at HTMLVisualElement.update (webpack-internal:///(app-pages-browser)/./node_modules/.pnpm/motion-dom@13.1.1/node_modules/motion-dom/dist/es/render/VisualElement.mjs:423:119)
    at HTMLVisualElement.mount (webpack-internal:///(app-pages-browser)/./node_modules/.pnpm/motion-dom@13.1.1/node_modules/motion-dom/dist/es/render/VisualElement.mjs:256:14)
    at HTMLVisualElement.mount (webpack-internal:///(app-pages-browser)/./node_modules/.pnpm/motion-dom@13.1.1/node_modules/motion-dom/dist/es/render/html/HTMLVisualElement.mjs:41:15)
    at eval (webpack-internal:///(app-pages-browser)/./node_modules/.pnpm/framer-motion@13.1.1_react-dom@18.3.1_react@18.3.1__react@18.3.1/node_modules/framer-motion/dist/es/motion/utils/use-motion-ref.mjs:31:38)
    at commitAttachRef (webpack-internal:///(app-pages-browser)/./node_modules/.pnpm/next@14.2.15_react-dom@18.3.1_react@18.3.1__react@18.3.1/node_modules/next/dist/compiled/react-dom/cjs/react-dom.development.js:21677:37)
    at safelyAttachRef (webpack-internal:///(app-pages-browser)/./node_modules/.pnpm/next@14.2.15_react-dom@18.3.1_react@18.3.1__react@18.3.1/node_modules/next/dist/compiled/react-dom/cjs/react-dom.development.js:20803:5)
    at commitLayoutEffectOnFiber (webpack-internal:///(app-pages-browser)/./node_modules/.pnpm/next@14.2.15_react-dom@18.3.1_react@18.3.1__react@18.3.1/node_modules/next/dist/compiled/react-dom/cjs/react-dom.development.js:21498:11)
    at recursivelyTraverseLayoutEffects (webpack-internal:///(app-pages-browser)/./node_modules/.pnpm/next@14.2.15_react-dom@18.3.1_react@18.3.1__react@18.3.1/node_modules/next/dist/compiled/react-dom/cjs/react-dom.development.js:22926:7)
    at commitLayoutEffectOnFiber (webpack-internal:///(app-pages-browser)/./node_modules/.pnpm/next@14.2.15_react-dom@18.3.1_react@18.3.1__react@18.3.1/node_modules/next/dist/compiled/react-dom/cjs/react-dom.development.js:21577:9)
    at recursivelyTraverseLayoutEffects (webpack-internal:///(app-pages-browser)/./node_modules/.pnpm/next@14.2.15_react-dom@18.3.1_react@18.3.1__react@18.3.1/node_modules/next/dist/compiled/react-dom/cjs/react-dom.development.js:22926:7)
    at commitLayoutEffectOnFiber (webpack-internal:///(app-pages-browser)/./node_modules/.pnpm/next@14.2.15_react-dom@18.3.1_react@18.3.1__react@18.3.1/node_modules/next/dist/compiled/react-dom/cjs/react-dom.development.js:21407:9)
    at recursivelyTraverseLayoutEffects (webpack-internal:///(app-pages-browser)/./node_modules/.pnpm/next@14.2.15_react-dom@18.3.1_react@18.3.1__react@18.3.1/node_modules/next/dist/compiled/react-dom/cjs/react-dom.development.js:22926:7)
    at commitLayoutEffectOnFiber (webpack-internal:///(app-pages-browser)/./node_modules/.pnpm/next@14.2.15_react-dom@18.3.1_react@18.3.1__react@18.3.1/node_modules/next/dist/compiled/react-dom/cjs/react-dom.development.js:21407:9)
    at recursivelyTraverseLayoutEffects (webpack-internal:///(app-pages-browser)/./node_modules/.pnpm/next@14.2.15_react-dom@18.3.1_react@18.3.1__react@18.3.1/node_modules/next/dist/compiled/react-dom/cjs/react-dom.development.js:22926:7)
    at commitLayoutEffectOnFiber (webpack-internal:///(app-pages-browser)/./node_modules/.pnpm/next@14.2.15_react-dom@18.3.1_react@18.3.1__react@18.3.1/node_modules/next/dist/compiled/react-dom/cjs/react-dom.development.js:21488:9)
    at recursivelyTraverseLayoutEffects (webpack-internal:///(app-pages-browser)/./node_modules/.pnpm/next@14.2.15_react-dom@18.3.1_react@18.3.1__react@18.3.1/node_modules/next/dist/compiled/react-dom/cjs/react-dom.development.js:22926:7)
    at commitLayoutEffectOnFiber (webpack-internal:///(app-pages-browser)/./node_modules/.pnpm/next@14.2.15_react-dom@18.3.1_react@18.3.1__react@18.3.1/node_modules/next/dist/compiled/react-dom/cjs/react-dom.development.js:21488:9)
    at recursivelyTraverseLayoutEffects (webpack-internal:///(app-pages-browser)/./node_modules/.pnpm/next@14.2.15_react-dom@18.3.1_react@18.3.1__react@18.3.1/node_modules/next/dist/compiled/react-dom/cjs/react-dom.development.js:22926:7)
    at commitLayoutEffectOnFiber (webpack-internal:///(app-pages-browser)/./node_modules/.pnpm/next@14.2.15_react-dom@18.3.1_react@18.3.1__react@18.3.1/node_modules/next/dist/compiled/react-dom/cjs/react-dom.development.js:21488:9)
    at recursivelyTraverseLayoutEffects (webpack-internal:///(app-pages-browser)/./node_modules/.pnpm/next@14.2.15_react-dom@18.3.1_react@18.3.1__react@18.3.1/node_modules/next/dist/compiled/react-dom/cjs/react-dom.development.js:22926:7)
    at commitLayoutEffectOnFiber (webpack-internal:///(app-pages-browser)/./node_modules/.pnpm/next@14.2.15_react-dom@18.3.1_react@18.3.1__react@18.3.1/node_modules/next/dist/compiled/react-dom/cjs/react-dom.development.js:21407:9)
    at recursivelyTraverseLayoutEffects (webpack-internal:///(app-pages-browser)/./node_modules/.pnpm/next@14.2.15_react-dom@18.3.1_react@18.3.1__react@18.3.1/node_modules/next/dist/compiled/react-dom/cjs/react-dom.development.js:22926:7)
    at commitLayoutEffectOnFiber (webpack-internal:///(app-pages-browser)/./node_modules/.pnpm/next@14.2.15_react-dom@18.3.1_react@18.3.1__react@18.3.1/node_modules/next/dist/compiled/react-dom/cjs/react-dom.development.js:21488:9)
    at recursivelyTraverseLayoutEffects (webpack-internal:///(app-pages-browser)/./node_modules/.pnpm/next@14.2.15_react-dom@18.3.1_react@18.3.1__react@18.3.1/node_modules/next/dist/compiled/react-dom/cjs/react-dom.development.js:22926:7)
    at commitLayoutEffectOnFiber (webpack-internal:///(app-pages-browser)/./node_modules/.pnpm/next@14.2.15_react-dom@18.3.1_react@18.3.1__react@18.3.1/node_modules/next/dist/compiled/react-dom/cjs/react-dom.development.js:21577:9)
    at recursivelyTraverseLayoutEffects (webpack-internal:///(app-pages-browser)/./node_modules/.pnpm/next@14.2.15_react-dom@18.3.1_react@18.3.1__react@18.3.1/node_modules/next/dist/compiled/react-dom/cjs/react-dom.development.js:22926:7)
    at commitLayoutEffectOnFiber (webpack-internal:///(app-pages-browser)/./node_modules/.pnpm/next@14.2.15_react-dom@18.3.1_react@18.3.1__react@18.3.1/node_modules/next/dist/compiled/react-dom/cjs/react-dom.development.js:21577:9)
    at recursivelyTraverseLayoutEffects (webpack-internal:///(app-pages-browser)/./node_modules/.pnpm/next@14.2.15_react-dom@18.3.1_react@18.3.1__react@18.3.1/node_modules/next/dist/compiled/react-dom/cjs/react-dom.development.js:22926:7)
    at commitLayoutEffectOnFiber (webpack-internal:///(app-pages-browser)/./node_modules/.pnpm/next@14.2.15_react-dom@18.3.1_react@18.3.1__react@18.3.1/node_modules/next/dist/compiled/react-dom/cjs/react-dom.development.js:21577:9)
    at recursivelyTraverseLayoutEffects (webpack-internal:///(app-pages-browser)/./node_modules/.pnpm/next@14.2.15_react-dom@18.3.1_react@18.3.1__react@18.3.1/node_modules/next/dist/compiled/react-dom/cjs/react-dom.development.js:22926:7)
    at commitLayoutEffectOnFiber (webpack-internal:///(app-pages-browser)/./node_modules/.pnpm/next@14.2.15_react-dom@18.3.1_react@18.3.1__react@18.3.1/node_modules/next/dist/compiled/react-dom/cjs/react-dom.development.js:21407:9)
    at recursivelyTraverseLayoutEffects (webpack-internal:///(app-pages-browser)/./node_modules/.pnpm/next@14.2.15_react-dom@18.3.1_react@18.3.1__react@18.3.1/node_modules/next/dist/compiled/react-dom/cjs/react-dom.development.js:22926:7)
    at commitLayoutEffectOnFiber (webpack-internal:///(app-pages-browser)/./node_modules/.pnpm/next@14.2.15_react-dom@18.3.1_react@18.3.1__react@18.3.1/node_modules/next/dist/compiled/react-dom/cjs/react-dom.development.js:21418:9)
    at recursivelyTraverseLayoutEffects (webpack-internal:///(app-pages-browser)/./node_modules/.pnpm/next@14.2.15_react-dom@18.3.1_react@18.3.1__react@18.3.1/node_modules/next/dist/compiled/react-dom/cjs/react-dom.development.js:22926:7)
    at commitLayoutEffectOnFiber (webpack-internal:///(app-pages-browser)/./node_modules/.pnpm/next@14.2.15_react-dom@18.3.1_react@18.3.1__react@18.3.1/node_modules/next/dist/compiled/react-dom/cjs/react-dom.development.js:21407:9)
    at recursivelyTraverseLayoutEffects (webpack-internal:///(app-pages-browser)/./node_modules/.pnpm/next@14.2.15_react-dom@18.3.1_react@18.3.1__react@18.3.1/node_modules/next/dist/compiled/react-dom/cjs/react-dom.development.js:22926:7)
    at commitLayoutEffectOnFiber (webpack-internal:///(app-pages-browser)/./node_modules/.pnpm/next@14.2.15_react-dom@18.3.1_react@18.3.1__react@18.3.1/node_modules/next/dist/compiled/react-dom/cjs/react-dom.development.js:21418:9)
    at recursivelyTraverseLayoutEffects (webpack-internal:///(app-pages-browser)/./node_modules/.pnpm/next@14.2.15_react-dom@18.3.1_react@18.3.1__react@18.3.1/node_modules/next/dist/compiled/react-dom/cjs/react-dom.development.js:22926:7)
    at commitLayoutEffectOnFiber (webpack-internal:///(app-pages-browser)/./node_modules/.pnpm/next@14.2.15_react-dom@18.3.1_react@18.3.1__react@18.3.1/node_modules/next/dist/compiled/react-dom/cjs/react-dom.development.js:21407:9)
    at recursivelyTraverseLayoutEffects (webpack-internal:///(app-pages-browser)/./node_modules/.pnpm/next@14.2.15_react-dom@18.3.1_react@18.3.1__react@18.3.1/node_modules/next/dist/compiled/react-dom/cjs/react-dom.development.js:22926:7)
    at commitLayoutEffectOnFiber (webpack-internal:///(app-pages-browser)/./node_modules/.pnpm/next@14.2.15_react-dom@18.3.1_react@18.3.1__react@18.3.1/node_modules/next/dist/compiled/react-dom/cjs/react-dom.development.js:21407:9)
    at recursivelyTraverseLayoutEffects (webpack-internal:///(app-pages-browser)/./node_modules/.pnpm/next@14.2.15_react-dom@18.3.1_react@18.3.1__react@18.3.1/node_modules/next/dist/compiled/react-dom/cjs/react-dom.development.js:22926:7)
    at commitLayoutEffectOnFiber (webpack-internal:///(app-pages-browser)/./node_modules/.pnpm/next@14.2.15_react-dom@18.3.1_react@18.3.1__react@18.3.1/node_modules/next/dist/compiled/react-dom/cjs/react-dom.development.js:21407:9)
    at recursivelyTraverseLayoutEffects (webpack-internal:///(app-pages-browser)/./node_modules/.pnpm/next@14.2.15_react-dom@18.3.1_react@18.3.1__react@18.3.1/node_modules/next/dist/compiled/react-dom/cjs/react-dom.development.js:22926:7)
    at commitLayoutEffectOnFiber (webpack-internal:///(app-pages-browser)/./node_modules/.pnpm/next@14.2.15_react-dom@18.3.1_react@18.3.1__react@18.3.1/node_modules/next/dist/compiled/react-dom/cjs/react-dom.development.js:21418:9)
[ 2068037ms] TypeError: Failed to execute 'animate' on 'Element': Offsets must be monotonically non-decreasing.
    at startWaapiAnimation (webpack-internal:///(app-pages-browser)/./node_modules/.pnpm/motion-dom@13.1.1/node_modules/motion-dom/dist/es/animation/waapi/start-waapi-animation.mjs:30:20)
    at new NativeAnimation (webpack-internal:///(app-pages-browser)/./node_modules/.pnpm/motion-dom@13.1.1/node_modules/motion-dom/dist/es/animation/NativeAnimation.mjs:44:111)
    at HTMLVisualElement.bindToMotionValue (webpack-internal:///(app-pages-browser)/./node_modules/.pnpm/motion-dom@13.1.1/node_modules/motion-dom/dist/es/render/VisualElement.mjs:296:31)
    at HTMLVisualElement.addValue (webpack-internal:///(app-pages-browser)/./node_modules/.pnpm/motion-dom@13.1.1/node_modules/motion-dom/dist/es/render/VisualElement.mjs:473:18)
    at updateMotionValuesFromProps (webpack-internal:///(app-pages-browser)/./node_modules/.pnpm/motion-dom@13.1.1/node_modules/motion-dom/dist/es/render/utils/motion-values.mjs:23:21)
    at HTMLVisualElement.update (webpack-internal:///(app-pages-browser)/./node_modules/.pnpm/motion-dom@13.1.1/node_modules/motion-dom/dist/es/render/VisualElement.mjs:423:119)
    at HTMLVisualElement.mount (webpack-internal:///(app-pages-browser)/./node_modules/.pnpm/motion-dom@13.1.1/node_modules/motion-dom/dist/es/render/VisualElement.mjs:256:14)
    at HTMLVisualElement.mount (webpack-internal:///(app-pages-browser)/./node_modules/.pnpm/motion-dom@13.1.1/node_modules/motion-dom/dist/es/render/html/HTMLVisualElement.mjs:41:15)
    at eval (webpack-internal:///(app-pages-browser)/./node_modules/.pnpm/framer-motion@13.1.1_react-dom@18.3.1_react@18.3.1__react@18.3.1/node_modules/framer-motion/dist/es/motion/utils/use-motion-ref.mjs:31:38)
    at commitAttachRef (webpack-internal:///(app-pages-browser)/./node_modules/.pnpm/next@14.2.15_react-dom@18.3.1_react@18.3.1__react@18.3.1/node_modules/next/dist/compiled/react-dom/cjs/react-dom.development.js:21677:37)
    at safelyAttachRef (webpack-internal:///(app-pages-browser)/./node_modules/.pnpm/next@14.2.15_react-dom@18.3.1_react@18.3.1__react@18.3.1/node_modules/next/dist/compiled/react-dom/cjs/react-dom.development.js:20803:5)
    at commitLayoutEffectOnFiber (webpack-internal:///(app-pages-browser)/./node_modules/.pnpm/next@14.2.15_react-dom@18.3.1_react@18.3.1__react@18.3.1/node_modules/next/dist/compiled/react-dom/cjs/react-dom.development.js:21498:11)
    at recursivelyTraverseLayoutEffects (webpack-internal:///(app-pages-browser)/./node_modules/.pnpm/next@14.2.15_react-dom@18.3.1_react@18.3.1__react@18.3.1/node_modules/next/dist/compiled/react-dom/cjs/react-dom.development.js:22926:7)
    at commitLayoutEffectOnFiber (webpack-internal:///(app-pages-browser)/./node_modules/.pnpm/next@14.2.15_react-dom@18.3.1_react@18.3.1__react@18.3.1/node_modules/next/dist/compiled/react-dom/cjs/react-dom.development.js:21577:9)
    at recursivelyTraverseLayoutEffects (webpack-internal:///(app-pages-browser)/./node_modules/.pnpm/next@14.2.15_react-dom@18.3.1_react@18.3.1__react@18.3.1/node_modules/next/dist/compiled/react-dom/cjs/react-dom.development.js:22926:7)
    at commitLayoutEffectOnFiber (webpack-internal:///(app-pages-browser)/./node_modules/.pnpm/next@14.2.15_react-dom@18.3.1_react@18.3.1__react@18.3.1/node_modules/next/dist/compiled/react-dom/cjs/react-dom.development.js:21407:9)
    at recursivelyTraverseLayoutEffects (webpack-internal:///(app-pages-browser)/./node_modules/.pnpm/next@14.2.15_react-dom@18.3.1_react@18.3.1__react@18.3.1/node_modules/next/dist/compiled/react-dom/cjs/react-dom.development.js:22926:7)
    at commitLayoutEffectOnFiber (webpack-internal:///(app-pages-browser)/./node_modules/.pnpm/next@14.2.15_react-dom@18.3.1_react@18.3.1__react@18.3.1/node_modules/next/dist/compiled/react-dom/cjs/react-dom.development.js:21407:9)
    at recursivelyTraverseLayoutEffects (webpack-internal:///(app-pages-browser)/./node_modules/.pnpm/next@14.2.15_react-dom@18.3.1_react@18.3.1__react@18.3.1/node_modules/next/dist/compiled/react-dom/cjs/react-dom.development.js:22926:7)
    at commitLayoutEffectOnFiber (webpack-internal:///(app-pages-browser)/./node_modules/.pnpm/next@14.2.15_react-dom@18.3.1_react@18.3.1__react@18.3.1/node_modules/next/dist/compiled/react-dom/cjs/react-dom.development.js:21488:9)
    at recursivelyTraverseLayoutEffects (webpack-internal:///(app-pages-browser)/./node_modules/.pnpm/next@14.2.15_react-dom@18.3.1_react@18.3.1__react@18.3.1/node_modules/next/dist/compiled/react-dom/cjs/react-dom.development.js:22926:7)
    at commitLayoutEffectOnFiber (webpack-internal:///(app-pages-browser)/./node_modules/.pnpm/next@14.2.15_react-dom@18.3.1_react@18.3.1__react@18.3.1/node_modules/next/dist/compiled/react-dom/cjs/react-dom.development.js:21488:9)
    at recursivelyTraverseLayoutEffects (webpack-internal:///(app-pages-browser)/./node_modules/.pnpm/next@14.2.15_react-dom@18.3.1_react@18.3.1__react@18.3.1/node_modules/next/dist/compiled/react-dom/cjs/react-dom.development.js:22926:7)
    at commitLayoutEffectOnFiber (webpack-internal:///(app-pages-browser)/./node_modules/.pnpm/next@14.2.15_react-dom@18.3.1_react@18.3.1__react@18.3.1/node_modules/next/dist/compiled/react-dom/cjs/react-dom.development.js:21488:9)
    at recursivelyTraverseLayoutEffects (webpack-internal:///(app-pages-browser)/./node_modules/.pnpm/next@14.2.15_react-dom@18.3.1_react@18.3.1__react@18.3.1/node_modules/next/dist/compiled/react-dom/cjs/react-dom.development.js:22926:7)
    at commitLayoutEffectOnFiber (webpack-internal:///(app-pages-browser)/./node_modules/.pnpm/next@14.2.15_react-dom@18.3.1_react@18.3.1__react@18.3.1/node_modules/next/dist/compiled/react-dom/cjs/react-dom.development.js:21407:9)
    at recursivelyTraverseLayoutEffects (webpack-internal:///(app-pages-browser)/./node_modules/.pnpm/next@14.2.15_react-dom@18.3.1_react@18.3.1__react@18.3.1/node_modules/next/dist/compiled/react-dom/cjs/react-dom.development.js:22926:7)
    at commitLayoutEffectOnFiber (webpack-internal:///(app-pages-browser)/./node_modules/.pnpm/next@14.2.15_react-dom@18.3.1_react@18.3.1__react@18.3.1/node_modules/next/dist/compiled/react-dom/cjs/react-dom.development.js:21488:9)
    at recursivelyTraverseLayoutEffects (webpack-internal:///(app-pages-browser)/./node_modules/.pnpm/next@14.2.15_react-dom@18.3.1_react@18.3.1__react@18.3.1/node_modules/next/dist/compiled/react-dom/cjs/react-dom.development.js:22926:7)
    at commitLayoutEffectOnFiber (webpack-internal:///(app-pages-browser)/./node_modules/.pnpm/next@14.2.15_react-dom@18.3.1_react@18.3.1__react@18.3.1/node_modules/next/dist/compiled/react-dom/cjs/react-dom.development.js:21577:9)
    at recursivelyTraverseLayoutEffects (webpack-internal:///(app-pages-browser)/./node_modules/.pnpm/next@14.2.15_react-dom@18.3.1_react@18.3.1__react@18.3.1/node_modules/next/dist/compiled/react-dom/cjs/react-dom.development.js:22926:7)
    at commitLayoutEffectOnFiber (webpack-internal:///(app-pages-browser)/./node_modules/.pnpm/next@14.2.15_react-dom@18.3.1_react@18.3.1__react@18.3.1/node_modules/next/dist/compiled/react-dom/cjs/react-dom.development.js:21577:9)
    at recursivelyTraverseLayoutEffects (webpack-internal:///(app-pages-browser)/./node_modules/.pnpm/next@14.2.15_react-dom@18.3.1_react@18.3.1__react@18.3.1/node_modules/next/dist/compiled/react-dom/cjs/react-dom.development.js:22926:7)
    at commitLayoutEffectOnFiber (webpack-internal:///(app-pages-browser)/./node_modules/.pnpm/next@14.2.15_react-dom@18.3.1_react@18.3.1__react@18.3.1/node_modules/next/dist/compiled/react-dom/cjs/react-dom.development.js:21577:9)
    at recursivelyTraverseLayoutEffects (webpack-internal:///(app-pages-browser)/./node_modules/.pnpm/next@14.2.15_react-dom@18.3.1_react@18.3.1__react@18.3.1/node_modules/next/dist/compiled/react-dom/cjs/react-dom.development.js:22926:7)
    at commitLayoutEffectOnFiber (webpack-internal:///(app-pages-browser)/./node_modules/.pnpm/next@14.2.15_react-dom@18.3.1_react@18.3.1__react@18.3.1/node_modules/next/dist/compiled/react-dom/cjs/react-dom.development.js:21407:9)
    at recursivelyTraverseLayoutEffects (webpack-internal:///(app-pages-browser)/./node_modules/.pnpm/next@14.2.15_react-dom@18.3.1_react@18.3.1__react@18.3.1/node_modules/next/dist/compiled/react-dom/cjs/react-dom.development.js:22926:7)
    at commitLayoutEffectOnFiber (webpack-internal:///(app-pages-browser)/./node_modules/.pnpm/next@14.2.15_react-dom@18.3.1_react@18.3.1__react@18.3.1/node_modules/next/dist/compiled/react-dom/cjs/react-dom.development.js:21418:9)
    at recursivelyTraverseLayoutEffects (webpack-internal:///(app-pages-browser)/./node_modules/.pnpm/next@14.2.15_react-dom@18.3.1_react@18.3.1__react@18.3.1/node_modules/next/dist/compiled/react-dom/cjs/react-dom.development.js:22926:7)
    at commitLayoutEffectOnFiber (webpack-internal:///(app-pages-browser)/./node_modules/.pnpm/next@14.2.15_react-dom@18.3.1_react@18.3.1__react@18.3.1/node_modules/next/dist/compiled/react-dom/cjs/react-dom.development.js:21407:9)
    at recursivelyTraverseLayoutEffects (webpack-internal:///(app-pages-browser)/./node_modules/.pnpm/next@14.2.15_react-dom@18.3.1_react@18.3.1__react@18.3.1/node_modules/next/dist/compiled/react-dom/cjs/react-dom.development.js:22926:7)
    at commitLayoutEffectOnFiber (webpack-internal:///(app-pages-browser)/./node_modules/.pnpm/next@14.2.15_react-dom@18.3.1_react@18.3.1__react@18.3.1/node_modules/next/dist/compiled/react-dom/cjs/react-dom.development.js:21418:9)
    at recursivelyTraverseLayoutEffects (webpack-internal:///(app-pages-browser)/./node_modules/.pnpm/next@14.2.15_react-dom@18.3.1_react@18.3.1__react@18.3.1/node_modules/next/dist/compiled/react-dom/cjs/react-dom.development.js:22926:7)
    at commitLayoutEffectOnFiber (webpack-internal:///(app-pages-browser)/./node_modules/.pnpm/next@14.2.15_react-dom@18.3.1_react@18.3.1__react@18.3.1/node_modules/next/dist/compiled/react-dom/cjs/react-dom.development.js:21407:9)
    at recursivelyTraverseLayoutEffects (webpack-internal:///(app-pages-browser)/./node_modules/.pnpm/next@14.2.15_react-dom@18.3.1_react@18.3.1__react@18.3.1/node_modules/next/dist/compiled/react-dom/cjs/react-dom.development.js:22926:7)
    at commitLayoutEffectOnFiber (webpack-internal:///(app-pages-browser)/./node_modules/.pnpm/next@14.2.15_react-dom@18.3.1_react@18.3.1__react@18.3.1/node_modules/next/dist/compiled/react-dom/cjs/react-dom.development.js:21407:9)
    at recursivelyTraverseLayoutEffects (webpack-internal:///(app-pages-browser)/./node_modules/.pnpm/next@14.2.15_react-dom@18.3.1_react@18.3.1__react@18.3.1/node_modules/next/dist/compiled/react-dom/cjs/react-dom.development.js:22926:7)
    at commitLayoutEffectOnFiber (webpack-internal:///(app-pages-browser)/./node_modules/.pnpm/next@14.2.15_react-dom@18.3.1_react@18.3.1__react@18.3.1/node_modules/next/dist/compiled/react-dom/cjs/react-dom.development.js:21407:9)
    at recursivelyTraverseLayoutEffects (webpack-internal:///(app-pages-browser)/./node_modules/.pnpm/next@14.2.15_react-dom@18.3.1_react@18.3.1__react@18.3.1/node_modules/next/dist/compiled/react-dom/cjs/react-dom.development.js:22926:7)
    at commitLayoutEffectOnFiber (webpack-internal:///(app-pages-browser)/./node_modules/.pnpm/next@14.2.15_react-dom@18.3.1_react@18.3.1__react@18.3.1/node_modules/next/dist/compiled/react-dom/cjs/react-dom.development.js:21418:9)
[ 2068050ms] TypeError: Failed to execute 'animate' on 'Element': Offsets must be monotonically non-decreasing.
    at startWaapiAnimation (webpack-internal:///(app-pages-browser)/./node_modules/.pnpm/motion-dom@13.1.1/node_modules/motion-dom/dist/es/animation/waapi/start-waapi-animation.mjs:30:20)
    at new NativeAnimation (webpack-internal:///(app-pages-browser)/./node_modules/.pnpm/motion-dom@13.1.1/node_modules/motion-dom/dist/es/animation/NativeAnimation.mjs:44:111)
    at HTMLVisualElement.bindToMotionValue (webpack-internal:///(app-pages-browser)/./node_modules/.pnpm/motion-dom@13.1.1/node_modules/motion-dom/dist/es/render/VisualElement.mjs:296:31)
    at HTMLVisualElement.addValue (webpack-internal:///(app-pages-browser)/./node_modules/.pnpm/motion-dom@13.1.1/node_modules/motion-dom/dist/es/render/VisualElement.mjs:473:18)
    at updateMotionValuesFromProps (webpack-internal:///(app-pages-browser)/./node_modules/.pnpm/motion-dom@13.1.1/node_modules/motion-dom/dist/es/render/utils/motion-values.mjs:23:21)
    at HTMLVisualElement.update (webpack-internal:///(app-pages-browser)/./node_modules/.pnpm/motion-dom@13.1.1/node_modules/motion-dom/dist/es/render/VisualElement.mjs:423:119)
    at HTMLVisualElement.mount (webpack-internal:///(app-pages-browser)/./node_modules/.pnpm/motion-dom@13.1.1/node_modules/motion-dom/dist/es/render/VisualElement.mjs:256:14)
    at HTMLVisualElement.mount (webpack-internal:///(app-pages-browser)/./node_modules/.pnpm/motion-dom@13.1.1/node_modules/motion-dom/dist/es/render/html/HTMLVisualElement.mjs:41:15)
    at eval (webpack-internal:///(app-pages-browser)/./node_modules/.pnpm/framer-motion@13.1.1_react-dom@18.3.1_react@18.3.1__react@18.3.1/node_modules/framer-motion/dist/es/motion/utils/use-motion-ref.mjs:31:38)
    at commitAttachRef (webpack-internal:///(app-pages-browser)/./node_modules/.pnpm/next@14.2.15_react-dom@18.3.1_react@18.3.1__react@18.3.1/node_modules/next/dist/compiled/react-dom/cjs/react-dom.development.js:21677:37)
    at safelyAttachRef (webpack-internal:///(app-pages-browser)/./node_modules/.pnpm/next@14.2.15_react-dom@18.3.1_react@18.3.1__react@18.3.1/node_modules/next/dist/compiled/react-dom/cjs/react-dom.development.js:20803:5)
    at commitLayoutEffectOnFiber (webpack-internal:///(app-pages-browser)/./node_modules/.pnpm/next@14.2.15_react-dom@18.3.1_react@18.3.1__react@18.3.1/node_modules/next/dist/compiled/react-dom/cjs/react-dom.development.js:21498:11)
    at recursivelyTraverseLayoutEffects (webpack-internal:///(app-pages-browser)/./node_modules/.pnpm/next@14.2.15_react-dom@18.3.1_react@18.3.1__react@18.3.1/node_modules/next/dist/compiled/react-dom/cjs/react-dom.development.js:22926:7)
    at commitLayoutEffectOnFiber (webpack-internal:///(app-pages-browser)/./node_modules/.pnpm/next@14.2.15_react-dom@18.3.1_react@18.3.1__react@18.3.1/node_modules/next/dist/compiled/react-dom/cjs/react-dom.development.js:21577:9)
    at recursivelyTraverseLayoutEffects (webpack-internal:///(app-pages-browser)/./node_modules/.pnpm/next@14.2.15_react-dom@18.3.1_react@18.3.1__react@18.3.1/node_modules/next/dist/compiled/react-dom/cjs/react-dom.development.js:22926:7)
    at commitLayoutEffectOnFiber (webpack-internal:///(app-pages-browser)/./node_modules/.pnpm/next@14.2.15_react-dom@18.3.1_react@18.3.1__react@18.3.1/node_modules/next/dist/compiled/react-dom/cjs/react-dom.development.js:21407:9)
    at recursivelyTraverseLayoutEffects (webpack-internal:///(app-pages-browser)/./node_modules/.pnpm/next@14.2.15_react-dom@18.3.1_react@18.3.1__react@18.3.1/node_modules/next/dist/compiled/react-dom/cjs/react-dom.development.js:22926:7)
    at commitLayoutEffectOnFiber (webpack-internal:///(app-pages-browser)/./node_modules/.pnpm/next@14.2.15_react-dom@18.3.1_react@18.3.1__react@18.3.1/node_modules/next/dist/compiled/react-dom/cjs/react-dom.development.js:21407:9)
    at recursivelyTraverseLayoutEffects (webpack-internal:///(app-pages-browser)/./node_modules/.pnpm/next@14.2.15_react-dom@18.3.1_react@18.3.1__react@18.3.1/node_modules/next/dist/compiled/react-dom/cjs/react-dom.development.js:22926:7)
    at commitLayoutEffectOnFiber (webpack-internal:///(app-pages-browser)/./node_modules/.pnpm/next@14.2.15_react-dom@18.3.1_react@18.3.1__react@18.3.1/node_modules/next/dist/compiled/react-dom/cjs/react-dom.development.js:21488:9)
    at recursivelyTraverseLayoutEffects (webpack-internal:///(app-pages-browser)/./node_modules/.pnpm/next@14.2.15_react-dom@18.3.1_react@18.3.1__react@18.3.1/node_modules/next/dist/compiled/react-dom/cjs/react-dom.development.js:22926:7)
    at commitLayoutEffectOnFiber (webpack-internal:///(app-pages-browser)/./node_modules/.pnpm/next@14.2.15_react-dom@18.3.1_react@18.3.1__react@18.3.1/node_modules/next/dist/compiled/react-dom/cjs/react-dom.development.js:21488:9)
    at recursivelyTraverseLayoutEffects (webpack-internal:///(app-pages-browser)/./node_modules/.pnpm/next@14.2.15_react-dom@18.3.1_react@18.3.1__react@18.3.1/node_modules/next/dist/compiled/react-dom/cjs/react-dom.development.js:22926:7)
    at commitLayoutEffectOnFiber (webpack-internal:///(app-pages-browser)/./node_modules/.pnpm/next@14.2.15_react-dom@18.3.1_react@18.3.1__react@18.3.1/node_modules/next/dist/compiled/react-dom/cjs/react-dom.development.js:21488:9)
    at recursivelyTraverseLayoutEffects (webpack-internal:///(app-pages-browser)/./node_modules/.pnpm/next@14.2.15_react-dom@18.3.1_react@18.3.1__react@18.3.1/node_modules/next/dist/compiled/react-dom/cjs/react-dom.development.js:22926:7)
    at commitLayoutEffectOnFiber (webpack-internal:///(app-pages-browser)/./node_modules/.pnpm/next@14.2.15_react-dom@18.3.1_react@18.3.1__react@18.3.1/node_modules/next/dist/compiled/react-dom/cjs/react-dom.development.js:21407:9)
    at recursivelyTraverseLayoutEffects (webpack-internal:///(app-pages-browser)/./node_modules/.pnpm/next@14.2.15_react-dom@18.3.1_react@18.3.1__react@18.3.1/node_modules/next/dist/compiled/react-dom/cjs/react-dom.development.js:22926:7)
    at commitLayoutEffectOnFiber (webpack-internal:///(app-pages-browser)/./node_modules/.pnpm/next@14.2.15_react-dom@18.3.1_react@18.3.1__react@18.3.1/node_modules/next/dist/compiled/react-dom/cjs/react-dom.development.js:21488:9)
    at recursivelyTraverseLayoutEffects (webpack-internal:///(app-pages-browser)/./node_modules/.pnpm/next@14.2.15_react-dom@18.3.1_react@18.3.1__react@18.3.1/node_modules/next/dist/compiled/react-dom/cjs/react-dom.development.js:22926:7)
    at commitLayoutEffectOnFiber (webpack-internal:///(app-pages-browser)/./node_modules/.pnpm/next@14.2.15_react-dom@18.3.1_react@18.3.1__react@18.3.1/node_modules/next/dist/compiled/react-dom/cjs/react-dom.development.js:21577:9)
    at recursivelyTraverseLayoutEffects (webpack-internal:///(app-pages-browser)/./node_modules/.pnpm/next@14.2.15_react-dom@18.3.1_react@18.3.1__react@18.3.1/node_modules/next/dist/compiled/react-dom/cjs/react-dom.development.js:22926:7)
    at commitLayoutEffectOnFiber (webpack-internal:///(app-pages-browser)/./node_modules/.pnpm/next@14.2.15_react-dom@18.3.1_react@18.3.1__react@18.3.1/node_modules/next/dist/compiled/react-dom/cjs/react-dom.development.js:21577:9)
    at recursivelyTraverseLayoutEffects (webpack-internal:///(app-pages-browser)/./node_modules/.pnpm/next@14.2.15_react-dom@18.3.1_react@18.3.1__react@18.3.1/node_modules/next/dist/compiled/react-dom/cjs/react-dom.development.js:22926:7)
    at commitLayoutEffectOnFiber (webpack-internal:///(app-pages-browser)/./node_modules/.pnpm/next@14.2.15_react-dom@18.3.1_react@18.3.1__react@18.3.1/node_modules/next/dist/compiled/react-dom/cjs/react-dom.development.js:21577:9)
    at recursivelyTraverseLayoutEffects (webpack-internal:///(app-pages-browser)/./node_modules/.pnpm/next@14.2.15_react-dom@18.3.1_react@18.3.1__react@18.3.1/node_modules/next/dist/compiled/react-dom/cjs/react-dom.development.js:22926:7)
    at commitLayoutEffectOnFiber (webpack-internal:///(app-pages-browser)/./node_modules/.pnpm/next@14.2.15_react-dom@18.3.1_react@18.3.1__react@18.3.1/node_modules/next/dist/compiled/react-dom/cjs/react-dom.development.js:21407:9)
    at recursivelyTraverseLayoutEffects (webpack-internal:///(app-pages-browser)/./node_modules/.pnpm/next@14.2.15_react-dom@18.3.1_react@18.3.1__react@18.3.1/node_modules/next/dist/compiled/react-dom/cjs/react-dom.development.js:22926:7)
    at commitLayoutEffectOnFiber (webpack-internal:///(app-pages-browser)/./node_modules/.pnpm/next@14.2.15_react-dom@18.3.1_react@18.3.1__react@18.3.1/node_modules/next/dist/compiled/react-dom/cjs/react-dom.development.js:21418:9)
    at recursivelyTraverseLayoutEffects (webpack-internal:///(app-pages-browser)/./node_modules/.pnpm/next@14.2.15_react-dom@18.3.1_react@18.3.1__react@18.3.1/node_modules/next/dist/compiled/react-dom/cjs/react-dom.development.js:22926:7)
    at commitLayoutEffectOnFiber (webpack-internal:///(app-pages-browser)/./node_modules/.pnpm/next@14.2.15_react-dom@18.3.1_react@18.3.1__react@18.3.1/node_modules/next/dist/compiled/react-dom/cjs/react-dom.development.js:21407:9)
    at recursivelyTraverseLayoutEffects (webpack-internal:///(app-pages-browser)/./node_modules/.pnpm/next@14.2.15_react-dom@18.3.1_react@18.3.1__react@18.3.1/node_modules/next/dist/compiled/react-dom/cjs/react-dom.development.js:22926:7)
    at commitLayoutEffectOnFiber (webpack-internal:///(app-pages-browser)/./node_modules/.pnpm/next@14.2.15_react-dom@18.3.1_react@18.3.1__react@18.3.1/node_modules/next/dist/compiled/react-dom/cjs/react-dom.development.js:21418:9)
    at recursivelyTraverseLayoutEffects (webpack-internal:///(app-pages-browser)/./node_modules/.pnpm/next@14.2.15_react-dom@18.3.1_react@18.3.1__react@18.3.1/node_modules/next/dist/compiled/react-dom/cjs/react-dom.development.js:22926:7)
    at commitLayoutEffectOnFiber (webpack-internal:///(app-pages-browser)/./node_modules/.pnpm/next@14.2.15_react-dom@18.3.1_react@18.3.1__react@18.3.1/node_modules/next/dist/compiled/react-dom/cjs/react-dom.development.js:21407:9)
    at recursivelyTraverseLayoutEffects (webpack-internal:///(app-pages-browser)/./node_modules/.pnpm/next@14.2.15_react-dom@18.3.1_react@18.3.1__react@18.3.1/node_modules/next/dist/compiled/react-dom/cjs/react-dom.development.js:22926:7)
    at commitLayoutEffectOnFiber (webpack-internal:///(app-pages-browser)/./node_modules/.pnpm/next@14.2.15_react-dom@18.3.1_react@18.3.1__react@18.3.1/node_modules/next/dist/compiled/react-dom/cjs/react-dom.development.js:21407:9)
    at recursivelyTraverseLayoutEffects (webpack-internal:///(app-pages-browser)/./node_modules/.pnpm/next@14.2.15_react-dom@18.3.1_react@18.3.1__react@18.3.1/node_modules/next/dist/compiled/react-dom/cjs/react-dom.development.js:22926:7)
    at commitLayoutEffectOnFiber (webpack-internal:///(app-pages-browser)/./node_modules/.pnpm/next@14.2.15_react-dom@18.3.1_react@18.3.1__react@18.3.1/node_modules/next/dist/compiled/react-dom/cjs/react-dom.development.js:21407:9)
    at recursivelyTraverseLayoutEffects (webpack-internal:///(app-pages-browser)/./node_modules/.pnpm/next@14.2.15_react-dom@18.3.1_react@18.3.1__react@18.3.1/node_modules/next/dist/compiled/react-dom/cjs/react-dom.development.js:22926:7)
    at commitLayoutEffectOnFiber (webpack-internal:///(app-pages-browser)/./node_modules/.pnpm/next@14.2.15_react-dom@18.3.1_react@18.3.1__react@18.3.1/node_modules/next/dist/compiled/react-dom/cjs/react-dom.development.js:21418:9)
[ 2068069ms] TypeError: Failed to execute 'animate' on 'Element': Offsets must be monotonically non-decreasing.
    at startWaapiAnimation (webpack-internal:///(app-pages-browser)/./node_modules/.pnpm/motion-dom@13.1.1/node_modules/motion-dom/dist/es/animation/waapi/start-waapi-animation.mjs:30:20)
    at new NativeAnimation (webpack-internal:///(app-pages-browser)/./node_modules/.pnpm/motion-dom@13.1.1/node_modules/motion-dom/dist/es/animation/NativeAnimation.mjs:44:111)
    at HTMLVisualElement.bindToMotionValue (webpack-internal:///(app-pages-browser)/./node_modules/.pnpm/motion-dom@13.1.1/node_modules/motion-dom/dist/es/render/VisualElement.mjs:296:31)
    at HTMLVisualElement.addValue (webpack-internal:///(app-pages-browser)/./node_modules/.pnpm/motion-dom@13.1.1/node_modules/motion-dom/dist/es/render/VisualElement.mjs:473:18)
    at updateMotionValuesFromProps (webpack-internal:///(app-pages-browser)/./node_modules/.pnpm/motion-dom@13.1.1/node_modules/motion-dom/dist/es/render/utils/motion-values.mjs:23:21)
    at HTMLVisualElement.update (webpack-internal:///(app-pages-browser)/./node_modules/.pnpm/motion-dom@13.1.1/node_modules/motion-dom/dist/es/render/VisualElement.mjs:423:119)
    at HTMLVisualElement.mount (webpack-internal:///(app-pages-browser)/./node_modules/.pnpm/motion-dom@13.1.1/node_modules/motion-dom/dist/es/render/VisualElement.mjs:256:14)
    at HTMLVisualElement.mount (webpack-internal:///(app-pages-browser)/./node_modules/.pnpm/motion-dom@13.1.1/node_modules/motion-dom/dist/es/render/html/HTMLVisualElement.mjs:41:15)
    at eval (webpack-internal:///(app-pages-browser)/./node_modules/.pnpm/framer-motion@13.1.1_react-dom@18.3.1_react@18.3.1__react@18.3.1/node_modules/framer-motion/dist/es/motion/utils/use-motion-ref.mjs:31:38)
    at commitAttachRef (webpack-internal:///(app-pages-browser)/./node_modules/.pnpm/next@14.2.15_react-dom@18.3.1_react@18.3.1__react@18.3.1/node_modules/next/dist/compiled/react-dom/cjs/react-dom.development.js:21677:37)
    at safelyAttachRef (webpack-internal:///(app-pages-browser)/./node_modules/.pnpm/next@14.2.15_react-dom@18.3.1_react@18.3.1__react@18.3.1/node_modules/next/dist/compiled/react-dom/cjs/react-dom.development.js:20803:5)
    at commitLayoutEffectOnFiber (webpack-internal:///(app-pages-browser)/./node_modules/.pnpm/next@14.2.15_react-dom@18.3.1_react@18.3.1__react@18.3.1/node_modules/next/dist/compiled/react-dom/cjs/react-dom.development.js:21498:11)
    at recursivelyTraverseLayoutEffects (webpack-internal:///(app-pages-browser)/./node_modules/.pnpm/next@14.2.15_react-dom@18.3.1_react@18.3.1__react@18.3.1/node_modules/next/dist/compiled/react-dom/cjs/react-dom.development.js:22926:7)
    at commitLayoutEffectOnFiber (webpack-internal:///(app-pages-browser)/./node_modules/.pnpm/next@14.2.15_react-dom@18.3.1_react@18.3.1__react@18.3.1/node_modules/next/dist/compiled/react-dom/cjs/react-dom.development.js:21577:9)
    at recursivelyTraverseLayoutEffects (webpack-internal:///(app-pages-browser)/./node_modules/.pnpm/next@14.2.15_react-dom@18.3.1_react@18.3.1__react@18.3.1/node_modules/next/dist/compiled/react-dom/cjs/react-dom.development.js:22926:7)
    at commitLayoutEffectOnFiber (webpack-internal:///(app-pages-browser)/./node_modules/.pnpm/next@14.2.15_react-dom@18.3.1_react@18.3.1__react@18.3.1/node_modules/next/dist/compiled/react-dom/cjs/react-dom.development.js:21407:9)
    at recursivelyTraverseLayoutEffects (webpack-internal:///(app-pages-browser)/./node_modules/.pnpm/next@14.2.15_react-dom@18.3.1_react@18.3.1__react@18.3.1/node_modules/next/dist/compiled/react-dom/cjs/react-dom.development.js:22926:7)
    at commitLayoutEffectOnFiber (webpack-internal:///(app-pages-browser)/./node_modules/.pnpm/next@14.2.15_react-dom@18.3.1_react@18.3.1__react@18.3.1/node_modules/next/dist/compiled/react-dom/cjs/react-dom.development.js:21407:9)
    at recursivelyTraverseLayoutEffects (webpack-internal:///(app-pages-browser)/./node_modules/.pnpm/next@14.2.15_react-dom@18.3.1_react@18.3.1__react@18.3.1/node_modules/next/dist/compiled/react-dom/cjs/react-dom.development.js:22926:7)
    at commitLayoutEffectOnFiber (webpack-internal:///(app-pages-browser)/./node_modules/.pnpm/next@14.2.15_react-dom@18.3.1_react@18.3.1__react@18.3.1/node_modules/next/dist/compiled/react-dom/cjs/react-dom.development.js:21488:9)
    at recursivelyTraverseLayoutEffects (webpack-internal:///(app-pages-browser)/./node_modules/.pnpm/next@14.2.15_react-dom@18.3.1_react@18.3.1__react@18.3.1/node_modules/next/dist/compiled/react-dom/cjs/react-dom.development.js:22926:7)
    at commitLayoutEffectOnFiber (webpack-internal:///(app-pages-browser)/./node_modules/.pnpm/next@14.2.15_react-dom@18.3.1_react@18.3.1__react@18.3.1/node_modules/next/dist/compiled/react-dom/cjs/react-dom.development.js:21488:9)
    at recursivelyTraverseLayoutEffects (webpack-internal:///(app-pages-browser)/./node_modules/.pnpm/next@14.2.15_react-dom@18.3.1_react@18.3.1__react@18.3.1/node_modules/next/dist/compiled/react-dom/cjs/react-dom.development.js:22926:7)
    at commitLayoutEffectOnFiber (webpack-internal:///(app-pages-browser)/./node_modules/.pnpm/next@14.2.15_react-dom@18.3.1_react@18.3.1__react@18.3.1/node_modules/next/dist/compiled/react-dom/cjs/react-dom.development.js:21488:9)
    at recursivelyTraverseLayoutEffects (webpack-internal:///(app-pages-browser)/./node_modules/.pnpm/next@14.2.15_react-dom@18.3.1_react@18.3.1__react@18.3.1/node_modules/next/dist/compiled/react-dom/cjs/react-dom.development.js:22926:7)
    at commitLayoutEffectOnFiber (webpack-internal:///(app-pages-browser)/./node_modules/.pnpm/next@14.2.15_react-dom@18.3.1_react@18.3.1__react@18.3.1/node_modules/next/dist/compiled/react-dom/cjs/react-dom.development.js:21407:9)
    at recursivelyTraverseLayoutEffects (webpack-internal:///(app-pages-browser)/./node_modules/.pnpm/next@14.2.15_react-dom@18.3.1_react@18.3.1__react@18.3.1/node_modules/next/dist/compiled/react-dom/cjs/react-dom.development.js:22926:7)
    at commitLayoutEffectOnFiber (webpack-internal:///(app-pages-browser)/./node_modules/.pnpm/next@14.2.15_react-dom@18.3.1_react@18.3.1__react@18.3.1/node_modules/next/dist/compiled/react-dom/cjs/react-dom.development.js:21488:9)
    at recursivelyTraverseLayoutEffects (webpack-internal:///(app-pages-browser)/./node_modules/.pnpm/next@14.2.15_react-dom@18.3.1_react@18.3.1__react@18.3.1/node_modules/next/dist/compiled/react-dom/cjs/react-dom.development.js:22926:7)
    at commitLayoutEffectOnFiber (webpack-internal:///(app-pages-browser)/./node_modules/.pnpm/next@14.2.15_react-dom@18.3.1_react@18.3.1__react@18.3.1/node_modules/next/dist/compiled/react-dom/cjs/react-dom.development.js:21577:9)
    at recursivelyTraverseLayoutEffects (webpack-internal:///(app-pages-browser)/./node_modules/.pnpm/next@14.2.15_react-dom@18.3.1_react@18.3.1__react@18.3.1/node_modules/next/dist/compiled/react-dom/cjs/react-dom.development.js:22926:7)
    at commitLayoutEffectOnFiber (webpack-internal:///(app-pages-browser)/./node_modules/.pnpm/next@14.2.15_react-dom@18.3.1_react@18.3.1__react@18.3.1/node_modules/next/dist/compiled/react-dom/cjs/react-dom.development.js:21577:9)
    at recursivelyTraverseLayoutEffects (webpack-internal:///(app-pages-browser)/./node_modules/.pnpm/next@14.2.15_react-dom@18.3.1_react@18.3.1__react@18.3.1/node_modules/next/dist/compiled/react-dom/cjs/react-dom.development.js:22926:7)
    at commitLayoutEffectOnFiber (webpack-internal:///(app-pages-browser)/./node_modules/.pnpm/next@14.2.15_react-dom@18.3.1_react@18.3.1__react@18.3.1/node_modules/next/dist/compiled/react-dom/cjs/react-dom.development.js:21577:9)
    at recursivelyTraverseLayoutEffects (webpack-internal:///(app-pages-browser)/./node_modules/.pnpm/next@14.2.15_react-dom@18.3.1_react@18.3.1__react@18.3.1/node_modules/next/dist/compiled/react-dom/cjs/react-dom.development.js:22926:7)
    at commitLayoutEffectOnFiber (webpack-internal:///(app-pages-browser)/./node_modules/.pnpm/next@14.2.15_react-dom@18.3.1_react@18.3.1__react@18.3.1/node_modules/next/dist/compiled/react-dom/cjs/react-dom.development.js:21407:9)
    at recursivelyTraverseLayoutEffects (webpack-internal:///(app-pages-browser)/./node_modules/.pnpm/next@14.2.15_react-dom@18.3.1_react@18.3.1__react@18.3.1/node_modules/next/dist/compiled/react-dom/cjs/react-dom.development.js:22926:7)
    at commitLayoutEffectOnFiber (webpack-internal:///(app-pages-browser)/./node_modules/.pnpm/next@14.2.15_react-dom@18.3.1_react@18.3.1__react@18.3.1/node_modules/next/dist/compiled/react-dom/cjs/react-dom.development.js:21418:9)
    at recursivelyTraverseLayoutEffects (webpack-internal:///(app-pages-browser)/./node_modules/.pnpm/next@14.2.15_react-dom@18.3.1_react@18.3.1__react@18.3.1/node_modules/next/dist/compiled/react-dom/cjs/react-dom.development.js:22926:7)
    at commitLayoutEffectOnFiber (webpack-internal:///(app-pages-browser)/./node_modules/.pnpm/next@14.2.15_react-dom@18.3.1_react@18.3.1__react@18.3.1/node_modules/next/dist/compiled/react-dom/cjs/react-dom.development.js:21407:9)
    at recursivelyTraverseLayoutEffects (webpack-internal:///(app-pages-browser)/./node_modules/.pnpm/next@14.2.15_react-dom@18.3.1_react@18.3.1__react@18.3.1/node_modules/next/dist/compiled/react-dom/cjs/react-dom.development.js:22926:7)
    at commitLayoutEffectOnFiber (webpack-internal:///(app-pages-browser)/./node_modules/.pnpm/next@14.2.15_react-dom@18.3.1_react@18.3.1__react@18.3.1/node_modules/next/dist/compiled/react-dom/cjs/react-dom.development.js:21418:9)
    at recursivelyTraverseLayoutEffects (webpack-internal:///(app-pages-browser)/./node_modules/.pnpm/next@14.2.15_react-dom@18.3.1_react@18.3.1__react@18.3.1/node_modules/next/dist/compiled/react-dom/cjs/react-dom.development.js:22926:7)
    at commitLayoutEffectOnFiber (webpack-internal:///(app-pages-browser)/./node_modules/.pnpm/next@14.2.15_react-dom@18.3.1_react@18.3.1__react@18.3.1/node_modules/next/dist/compiled/react-dom/cjs/react-dom.development.js:21407:9)
    at recursivelyTraverseLayoutEffects (webpack-internal:///(app-pages-browser)/./node_modules/.pnpm/next@14.2.15_react-dom@18.3.1_react@18.3.1__react@18.3.1/node_modules/next/dist/compiled/react-dom/cjs/react-dom.development.js:22926:7)
    at commitLayoutEffectOnFiber (webpack-internal:///(app-pages-browser)/./node_modules/.pnpm/next@14.2.15_react-dom@18.3.1_react@18.3.1__react@18.3.1/node_modules/next/dist/compiled/react-dom/cjs/react-dom.development.js:21407:9)
    at recursivelyTraverseLayoutEffects (webpack-internal:///(app-pages-browser)/./node_modules/.pnpm/next@14.2.15_react-dom@18.3.1_react@18.3.1__react@18.3.1/node_modules/next/dist/compiled/react-dom/cjs/react-dom.development.js:22926:7)
    at commitLayoutEffectOnFiber (webpack-internal:///(app-pages-browser)/./node_modules/.pnpm/next@14.2.15_react-dom@18.3.1_react@18.3.1__react@18.3.1/node_modules/next/dist/compiled/react-dom/cjs/react-dom.development.js:21407:9)
    at recursivelyTraverseLayoutEffects (webpack-internal:///(app-pages-browser)/./node_modules/.pnpm/next@14.2.15_react-dom@18.3.1_react@18.3.1__react@18.3.1/node_modules/next/dist/compiled/react-dom/cjs/react-dom.development.js:22926:7)
    at commitLayoutEffectOnFiber (webpack-internal:///(app-pages-browser)/./node_modules/.pnpm/next@14.2.15_react-dom@18.3.1_react@18.3.1__react@18.3.1/node_modules/next/dist/compiled/react-dom/cjs/react-dom.development.js:21418:9)
[ 2068076ms] TypeError: Failed to execute 'animate' on 'Element': Offsets must be monotonically non-decreasing.
    at startWaapiAnimation (webpack-internal:///(app-pages-browser)/./node_modules/.pnpm/motion-dom@13.1.1/node_modules/motion-dom/dist/es/animation/waapi/start-waapi-animation.mjs:30:20)
    at new NativeAnimation (webpack-internal:///(app-pages-browser)/./node_modules/.pnpm/motion-dom@13.1.1/node_modules/motion-dom/dist/es/animation/NativeAnimation.mjs:44:111)
    at HTMLVisualElement.bindToMotionValue (webpack-internal:///(app-pages-browser)/./node_modules/.pnpm/motion-dom@13.1.1/node_modules/motion-dom/dist/es/render/VisualElement.mjs:296:31)
    at HTMLVisualElement.addValue (webpack-internal:///(app-pages-browser)/./node_modules/.pnpm/motion-dom@13.1.1/node_modules/motion-dom/dist/es/render/VisualElement.mjs:473:18)
    at updateMotionValuesFromProps (webpack-internal:///(app-pages-browser)/./node_modules/.pnpm/motion-dom@13.1.1/node_modules/motion-dom/dist/es/render/utils/motion-values.mjs:23:21)
    at HTMLVisualElement.update (webpack-internal:///(app-pages-browser)/./node_modules/.pnpm/motion-dom@13.1.1/node_modules/motion-dom/dist/es/render/VisualElement.mjs:423:119)
    at HTMLVisualElement.mount (webpack-internal:///(app-pages-browser)/./node_modules/.pnpm/motion-dom@13.1.1/node_modules/motion-dom/dist/es/render/VisualElement.mjs:256:14)
    at HTMLVisualElement.mount (webpack-internal:///(app-pages-browser)/./node_modules/.pnpm/motion-dom@13.1.1/node_modules/motion-dom/dist/es/render/html/HTMLVisualElement.mjs:41:15)
    at eval (webpack-internal:///(app-pages-browser)/./node_modules/.pnpm/framer-motion@13.1.1_react-dom@18.3.1_react@18.3.1__react@18.3.1/node_modules/framer-motion/dist/es/motion/utils/use-motion-ref.mjs:31:38)
    at commitAttachRef (webpack-internal:///(app-pages-browser)/./node_modules/.pnpm/next@14.2.15_react-dom@18.3.1_react@18.3.1__react@18.3.1/node_modules/next/dist/compiled/react-dom/cjs/react-dom.development.js:21677:37)
    at safelyAttachRef (webpack-internal:///(app-pages-browser)/./node_modules/.pnpm/next@14.2.15_react-dom@18.3.1_react@18.3.1__react@18.3.1/node_modules/next/dist/compiled/react-dom/cjs/react-dom.development.js:20803:5)
    at commitLayoutEffectOnFiber (webpack-internal:///(app-pages-browser)/./node_modules/.pnpm/next@14.2.15_react-dom@18.3.1_react@18.3.1__react@18.3.1/node_modules/next/dist/compiled/react-dom/cjs/react-dom.development.js:21498:11)
    at recursivelyTraverseLayoutEffects (webpack-internal:///(app-pages-browser)/./node_modules/.pnpm/next@14.2.15_react-dom@18.3.1_react@18.3.1__react@18.3.1/node_modules/next/dist/compiled/react-dom/cjs/react-dom.development.js:22926:7)
    at commitLayoutEffectOnFiber (webpack-internal:///(app-pages-browser)/./node_modules/.pnpm/next@14.2.15_react-dom@18.3.1_react@18.3.1__react@18.3.1/node_modules/next/dist/compiled/react-dom/cjs/react-dom.development.js:21577:9)
    at recursivelyTraverseLayoutEffects (webpack-internal:///(app-pages-browser)/./node_modules/.pnpm/next@14.2.15_react-dom@18.3.1_react@18.3.1__react@18.3.1/node_modules/next/dist/compiled/react-dom/cjs/react-dom.development.js:22926:7)
    at commitLayoutEffectOnFiber (webpack-internal:///(app-pages-browser)/./node_modules/.pnpm/next@14.2.15_react-dom@18.3.1_react@18.3.1__react@18.3.1/node_modules/next/dist/compiled/react-dom/cjs/react-dom.development.js:21407:9)
    at recursivelyTraverseLayoutEffects (webpack-internal:///(app-pages-browser)/./node_modules/.pnpm/next@14.2.15_react-dom@18.3.1_react@18.3.1__react@18.3.1/node_modules/next/dist/compiled/react-dom/cjs/react-dom.development.js:22926:7)
    at commitLayoutEffectOnFiber (webpack-internal:///(app-pages-browser)/./node_modules/.pnpm/next@14.2.15_react-dom@18.3.1_react@18.3.1__react@18.3.1/node_modules/next/dist/compiled/react-dom/cjs/react-dom.development.js:21407:9)
    at recursivelyTraverseLayoutEffects (webpack-internal:///(app-pages-browser)/./node_modules/.pnpm/next@14.2.15_react-dom@18.3.1_react@18.3.1__react@18.3.1/node_modules/next/dist/compiled/react-dom/cjs/react-dom.development.js:22926:7)
    at commitLayoutEffectOnFiber (webpack-internal:///(app-pages-browser)/./node_modules/.pnpm/next@14.2.15_react-dom@18.3.1_react@18.3.1__react@18.3.1/node_modules/next/dist/compiled/react-dom/cjs/react-dom.development.js:21488:9)
    at recursivelyTraverseLayoutEffects (webpack-internal:///(app-pages-browser)/./node_modules/.pnpm/next@14.2.15_react-dom@18.3.1_react@18.3.1__react@18.3.1/node_modules/next/dist/compiled/react-dom/cjs/react-dom.development.js:22926:7)
    at commitLayoutEffectOnFiber (webpack-internal:///(app-pages-browser)/./node_modules/.pnpm/next@14.2.15_react-dom@18.3.1_react@18.3.1__react@18.3.1/node_modules/next/dist/compiled/react-dom/cjs/react-dom.development.js:21488:9)
    at recursivelyTraverseLayoutEffects (webpack-internal:///(app-pages-browser)/./node_modules/.pnpm/next@14.2.15_react-dom@18.3.1_react@18.3.1__react@18.3.1/node_modules/next/dist/compiled/react-dom/cjs/react-dom.development.js:22926:7)
    at commitLayoutEffectOnFiber (webpack-internal:///(app-pages-browser)/./node_modules/.pnpm/next@14.2.15_react-dom@18.3.1_react@18.3.1__react@18.3.1/node_modules/next/dist/compiled/react-dom/cjs/react-dom.development.js:21488:9)
    at recursivelyTraverseLayoutEffects (webpack-internal:///(app-pages-browser)/./node_modules/.pnpm/next@14.2.15_react-dom@18.3.1_react@18.3.1__react@18.3.1/node_modules/next/dist/compiled/react-dom/cjs/react-dom.development.js:22926:7)
    at commitLayoutEffectOnFiber (webpack-internal:///(app-pages-browser)/./node_modules/.pnpm/next@14.2.15_react-dom@18.3.1_react@18.3.1__react@18.3.1/node_modules/next/dist/compiled/react-dom/cjs/react-dom.development.js:21407:9)
    at recursivelyTraverseLayoutEffects (webpack-internal:///(app-pages-browser)/./node_modules/.pnpm/next@14.2.15_react-dom@18.3.1_react@18.3.1__react@18.3.1/node_modules/next/dist/compiled/react-dom/cjs/react-dom.development.js:22926:7)
    at commitLayoutEffectOnFiber (webpack-internal:///(app-pages-browser)/./node_modules/.pnpm/next@14.2.15_react-dom@18.3.1_react@18.3.1__react@18.3.1/node_modules/next/dist/compiled/react-dom/cjs/react-dom.development.js:21488:9)
    at recursivelyTraverseLayoutEffects (webpack-internal:///(app-pages-browser)/./node_modules/.pnpm/next@14.2.15_react-dom@18.3.1_react@18.3.1__react@18.3.1/node_modules/next/dist/compiled/react-dom/cjs/react-dom.development.js:22926:7)
    at commitLayoutEffectOnFiber (webpack-internal:///(app-pages-browser)/./node_modules/.pnpm/next@14.2.15_react-dom@18.3.1_react@18.3.1__react@18.3.1/node_modules/next/dist/compiled/react-dom/cjs/react-dom.development.js:21577:9)
    at recursivelyTraverseLayoutEffects (webpack-internal:///(app-pages-browser)/./node_modules/.pnpm/next@14.2.15_react-dom@18.3.1_react@18.3.1__react@18.3.1/node_modules/next/dist/compiled/react-dom/cjs/react-dom.development.js:22926:7)
    at commitLayoutEffectOnFiber (webpack-internal:///(app-pages-browser)/./node_modules/.pnpm/next@14.2.15_react-dom@18.3.1_react@18.3.1__react@18.3.1/node_modules/next/dist/compiled/react-dom/cjs/react-dom.development.js:21577:9)
    at recursivelyTraverseLayoutEffects (webpack-internal:///(app-pages-browser)/./node_modules/.pnpm/next@14.2.15_react-dom@18.3.1_react@18.3.1__react@18.3.1/node_modules/next/dist/compiled/react-dom/cjs/react-dom.development.js:22926:7)
    at commitLayoutEffectOnFiber (webpack-internal:///(app-pages-browser)/./node_modules/.pnpm/next@14.2.15_react-dom@18.3.1_react@18.3.1__react@18.3.1/node_modules/next/dist/compiled/react-dom/cjs/react-dom.development.js:21577:9)
    at recursivelyTraverseLayoutEffects (webpack-internal:///(app-pages-browser)/./node_modules/.pnpm/next@14.2.15_react-dom@18.3.1_react@18.3.1__react@18.3.1/node_modules/next/dist/compiled/react-dom/cjs/react-dom.development.js:22926:7)
    at commitLayoutEffectOnFiber (webpack-internal:///(app-pages-browser)/./node_modules/.pnpm/next@14.2.15_react-dom@18.3.1_react@18.3.1__react@18.3.1/node_modules/next/dist/compiled/react-dom/cjs/react-dom.development.js:21407:9)
    at recursivelyTraverseLayoutEffects (webpack-internal:///(app-pages-browser)/./node_modules/.pnpm/next@14.2.15_react-dom@18.3.1_react@18.3.1__react@18.3.1/node_modules/next/dist/compiled/react-dom/cjs/react-dom.development.js:22926:7)
    at commitLayoutEffectOnFiber (webpack-internal:///(app-pages-browser)/./node_modules/.pnpm/next@14.2.15_react-dom@18.3.1_react@18.3.1__react@18.3.1/node_modules/next/dist/compiled/react-dom/cjs/react-dom.development.js:21418:9)
    at recursivelyTraverseLayoutEffects (webpack-internal:///(app-pages-browser)/./node_modules/.pnpm/next@14.2.15_react-dom@18.3.1_react@18.3.1__react@18.3.1/node_modules/next/dist/compiled/react-dom/cjs/react-dom.development.js:22926:7)
    at commitLayoutEffectOnFiber (webpack-internal:///(app-pages-browser)/./node_modules/.pnpm/next@14.2.15_react-dom@18.3.1_react@18.3.1__react@18.3.1/node_modules/next/dist/compiled/react-dom/cjs/react-dom.development.js:21407:9)
    at recursivelyTraverseLayoutEffects (webpack-internal:///(app-pages-browser)/./node_modules/.pnpm/next@14.2.15_react-dom@18.3.1_react@18.3.1__react@18.3.1/node_modules/next/dist/compiled/react-dom/cjs/react-dom.development.js:22926:7)
    at commitLayoutEffectOnFiber (webpack-internal:///(app-pages-browser)/./node_modules/.pnpm/next@14.2.15_react-dom@18.3.1_react@18.3.1__react@18.3.1/node_modules/next/dist/compiled/react-dom/cjs/react-dom.development.js:21418:9)
    at recursivelyTraverseLayoutEffects (webpack-internal:///(app-pages-browser)/./node_modules/.pnpm/next@14.2.15_react-dom@18.3.1_react@18.3.1__react@18.3.1/node_modules/next/dist/compiled/react-dom/cjs/react-dom.development.js:22926:7)
    at commitLayoutEffectOnFiber (webpack-internal:///(app-pages-browser)/./node_modules/.pnpm/next@14.2.15_react-dom@18.3.1_react@18.3.1__react@18.3.1/node_modules/next/dist/compiled/react-dom/cjs/react-dom.development.js:21407:9)
    at recursivelyTraverseLayoutEffects (webpack-internal:///(app-pages-browser)/./node_modules/.pnpm/next@14.2.15_react-dom@18.3.1_react@18.3.1__react@18.3.1/node_modules/next/dist/compiled/react-dom/cjs/react-dom.development.js:22926:7)
    at commitLayoutEffectOnFiber (webpack-internal:///(app-pages-browser)/./node_modules/.pnpm/next@14.2.15_react-dom@18.3.1_react@18.3.1__react@18.3.1/node_modules/next/dist/compiled/react-dom/cjs/react-dom.development.js:21407:9)
    at recursivelyTraverseLayoutEffects (webpack-internal:///(app-pages-browser)/./node_modules/.pnpm/next@14.2.15_react-dom@18.3.1_react@18.3.1__react@18.3.1/node_modules/next/dist/compiled/react-dom/cjs/react-dom.development.js:22926:7)
    at commitLayoutEffectOnFiber (webpack-internal:///(app-pages-browser)/./node_modules/.pnpm/next@14.2.15_react-dom@18.3.1_react@18.3.1__react@18.3.1/node_modules/next/dist/compiled/react-dom/cjs/react-dom.development.js:21407:9)
    at recursivelyTraverseLayoutEffects (webpack-internal:///(app-pages-browser)/./node_modules/.pnpm/next@14.2.15_react-dom@18.3.1_react@18.3.1__react@18.3.1/node_modules/next/dist/compiled/react-dom/cjs/react-dom.development.js:22926:7)
    at commitLayoutEffectOnFiber (webpack-internal:///(app-pages-browser)/./node_modules/.pnpm/next@14.2.15_react-dom@18.3.1_react@18.3.1__react@18.3.1/node_modules/next/dist/compiled/react-dom/cjs/react-dom.development.js:21418:9)
[ 2068083ms] TypeError: Failed to execute 'animate' on 'Element': Offsets must be monotonically non-decreasing.
    at startWaapiAnimation (webpack-internal:///(app-pages-browser)/./node_modules/.pnpm/motion-dom@13.1.1/node_modules/motion-dom/dist/es/animation/waapi/start-waapi-animation.mjs:30:20)
    at new NativeAnimation (webpack-internal:///(app-pages-browser)/./node_modules/.pnpm/motion-dom@13.1.1/node_modules/motion-dom/dist/es/animation/NativeAnimation.mjs:44:111)
    at HTMLVisualElement.bindToMotionValue (webpack-internal:///(app-pages-browser)/./node_modules/.pnpm/motion-dom@13.1.1/node_modules/motion-dom/dist/es/render/VisualElement.mjs:296:31)
    at HTMLVisualElement.addValue (webpack-internal:///(app-pages-browser)/./node_modules/.pnpm/motion-dom@13.1.1/node_modules/motion-dom/dist/es/render/VisualElement.mjs:473:18)
    at updateMotionValuesFromProps (webpack-internal:///(app-pages-browser)/./node_modules/.pnpm/motion-dom@13.1.1/node_modules/motion-dom/dist/es/render/utils/motion-values.mjs:23:21)
    at HTMLVisualElement.update (webpack-internal:///(app-pages-browser)/./node_modules/.pnpm/motion-dom@13.1.1/node_modules/motion-dom/dist/es/render/VisualElement.mjs:423:119)
    at HTMLVisualElement.mount (webpack-internal:///(app-pages-browser)/./node_modules/.pnpm/motion-dom@13.1.1/node_modules/motion-dom/dist/es/render/VisualElement.mjs:256:14)
    at HTMLVisualElement.mount (webpack-internal:///(app-pages-browser)/./node_modules/.pnpm/motion-dom@13.1.1/node_modules/motion-dom/dist/es/render/html/HTMLVisualElement.mjs:41:15)
    at eval (webpack-internal:///(app-pages-browser)/./node_modules/.pnpm/framer-motion@13.1.1_react-dom@18.3.1_react@18.3.1__react@18.3.1/node_modules/framer-motion/dist/es/motion/utils/use-motion-ref.mjs:31:38)
    at commitAttachRef (webpack-internal:///(app-pages-browser)/./node_modules/.pnpm/next@14.2.15_react-dom@18.3.1_react@18.3.1__react@18.3.1/node_modules/next/dist/compiled/react-dom/cjs/react-dom.development.js:21677:37)
    at safelyAttachRef (webpack-internal:///(app-pages-browser)/./node_modules/.pnpm/next@14.2.15_react-dom@18.3.1_react@18.3.1__react@18.3.1/node_modules/next/dist/compiled/react-dom/cjs/react-dom.development.js:20803:5)
    at commitLayoutEffectOnFiber (webpack-internal:///(app-pages-browser)/./node_modules/.pnpm/next@14.2.15_react-dom@18.3.1_react@18.3.1__react@18.3.1/node_modules/next/dist/compiled/react-dom/cjs/react-dom.development.js:21498:11)
    at recursivelyTraverseLayoutEffects (webpack-internal:///(app-pages-browser)/./node_modules/.pnpm/next@14.2.15_react-dom@18.3.1_react@18.3.1__react@18.3.1/node_modules/next/dist/compiled/react-dom/cjs/react-dom.development.js:22926:7)
    at commitLayoutEffectOnFiber (webpack-internal:///(app-pages-browser)/./node_modules/.pnpm/next@14.2.15_react-dom@18.3.1_react@18.3.1__react@18.3.1/node_modules/next/dist/compiled/react-dom/cjs/react-dom.development.js:21577:9)
    at recursivelyTraverseLayoutEffects (webpack-internal:///(app-pages-browser)/./node_modules/.pnpm/next@14.2.15_react-dom@18.3.1_react@18.3.1__react@18.3.1/node_modules/next/dist/compiled/react-dom/cjs/react-dom.development.js:22926:7)
    at commitLayoutEffectOnFiber (webpack-internal:///(app-pages-browser)/./node_modules/.pnpm/next@14.2.15_react-dom@18.3.1_react@18.3.1__react@18.3.1/node_modules/next/dist/compiled/react-dom/cjs/react-dom.development.js:21407:9)
    at recursivelyTraverseLayoutEffects (webpack-internal:///(app-pages-browser)/./node_modules/.pnpm/next@14.2.15_react-dom@18.3.1_react@18.3.1__react@18.3.1/node_modules/next/dist/compiled/react-dom/cjs/react-dom.development.js:22926:7)
    at commitLayoutEffectOnFiber (webpack-internal:///(app-pages-browser)/./node_modules/.pnpm/next@14.2.15_react-dom@18.3.1_react@18.3.1__react@18.3.1/node_modules/next/dist/compiled/react-dom/cjs/react-dom.development.js:21407:9)
    at recursivelyTraverseLayoutEffects (webpack-internal:///(app-pages-browser)/./node_modules/.pnpm/next@14.2.15_react-dom@18.3.1_react@18.3.1__react@18.3.1/node_modules/next/dist/compiled/react-dom/cjs/react-dom.development.js:22926:7)
    at commitLayoutEffectOnFiber (webpack-internal:///(app-pages-browser)/./node_modules/.pnpm/next@14.2.15_react-dom@18.3.1_react@18.3.1__react@18.3.1/node_modules/next/dist/compiled/react-dom/cjs/react-dom.development.js:21488:9)
    at recursivelyTraverseLayoutEffects (webpack-internal:///(app-pages-browser)/./node_modules/.pnpm/next@14.2.15_react-dom@18.3.1_react@18.3.1__react@18.3.1/node_modules/next/dist/compiled/react-dom/cjs/react-dom.development.js:22926:7)
    at commitLayoutEffectOnFiber (webpack-internal:///(app-pages-browser)/./node_modules/.pnpm/next@14.2.15_react-dom@18.3.1_react@18.3.1__react@18.3.1/node_modules/next/dist/compiled/react-dom/cjs/react-dom.development.js:21488:9)
    at recursivelyTraverseLayoutEffects (webpack-internal:///(app-pages-browser)/./node_modules/.pnpm/next@14.2.15_react-dom@18.3.1_react@18.3.1__react@18.3.1/node_modules/next/dist/compiled/react-dom/cjs/react-dom.development.js:22926:7)
    at commitLayoutEffectOnFiber (webpack-internal:///(app-pages-browser)/./node_modules/.pnpm/next@14.2.15_react-dom@18.3.1_react@18.3.1__react@18.3.1/node_modules/next/dist/compiled/react-dom/cjs/react-dom.development.js:21488:9)
    at recursivelyTraverseLayoutEffects (webpack-internal:///(app-pages-browser)/./node_modules/.pnpm/next@14.2.15_react-dom@18.3.1_react@18.3.1__react@18.3.1/node_modules/next/dist/compiled/react-dom/cjs/react-dom.development.js:22926:7)
    at commitLayoutEffectOnFiber (webpack-internal:///(app-pages-browser)/./node_modules/.pnpm/next@14.2.15_react-dom@18.3.1_react@18.3.1__react@18.3.1/node_modules/next/dist/compiled/react-dom/cjs/react-dom.development.js:21407:9)
    at recursivelyTraverseLayoutEffects (webpack-internal:///(app-pages-browser)/./node_modules/.pnpm/next@14.2.15_react-dom@18.3.1_react@18.3.1__react@18.3.1/node_modules/next/dist/compiled/react-dom/cjs/react-dom.development.js:22926:7)
    at commitLayoutEffectOnFiber (webpack-internal:///(app-pages-browser)/./node_modules/.pnpm/next@14.2.15_react-dom@18.3.1_react@18.3.1__react@18.3.1/node_modules/next/dist/compiled/react-dom/cjs/react-dom.development.js:21488:9)
    at recursivelyTraverseLayoutEffects (webpack-internal:///(app-pages-browser)/./node_modules/.pnpm/next@14.2.15_react-dom@18.3.1_react@18.3.1__react@18.3.1/node_modules/next/dist/compiled/react-dom/cjs/react-dom.development.js:22926:7)
    at commitLayoutEffectOnFiber (webpack-internal:///(app-pages-browser)/./node_modules/.pnpm/next@14.2.15_react-dom@18.3.1_react@18.3.1__react@18.3.1/node_modules/next/dist/compiled/react-dom/cjs/react-dom.development.js:21577:9)
    at recursivelyTraverseLayoutEffects (webpack-internal:///(app-pages-browser)/./node_modules/.pnpm/next@14.2.15_react-dom@18.3.1_react@18.3.1__react@18.3.1/node_modules/next/dist/compiled/react-dom/cjs/react-dom.development.js:22926:7)
    at commitLayoutEffectOnFiber (webpack-internal:///(app-pages-browser)/./node_modules/.pnpm/next@14.2.15_react-dom@18.3.1_react@18.3.1__react@18.3.1/node_modules/next/dist/compiled/react-dom/cjs/react-dom.development.js:21577:9)
    at recursivelyTraverseLayoutEffects (webpack-internal:///(app-pages-browser)/./node_modules/.pnpm/next@14.2.15_react-dom@18.3.1_react@18.3.1__react@18.3.1/node_modules/next/dist/compiled/react-dom/cjs/react-dom.development.js:22926:7)
    at commitLayoutEffectOnFiber (webpack-internal:///(app-pages-browser)/./node_modules/.pnpm/next@14.2.15_react-dom@18.3.1_react@18.3.1__react@18.3.1/node_modules/next/dist/compiled/react-dom/cjs/react-dom.development.js:21577:9)
    at recursivelyTraverseLayoutEffects (webpack-internal:///(app-pages-browser)/./node_modules/.pnpm/next@14.2.15_react-dom@18.3.1_react@18.3.1__react@18.3.1/node_modules/next/dist/compiled/react-dom/cjs/react-dom.development.js:22926:7)
    at commitLayoutEffectOnFiber (webpack-internal:///(app-pages-browser)/./node_modules/.pnpm/next@14.2.15_react-dom@18.3.1_react@18.3.1__react@18.3.1/node_modules/next/dist/compiled/react-dom/cjs/react-dom.development.js:21407:9)
    at recursivelyTraverseLayoutEffects (webpack-internal:///(app-pages-browser)/./node_modules/.pnpm/next@14.2.15_react-dom@18.3.1_react@18.3.1__react@18.3.1/node_modules/next/dist/compiled/react-dom/cjs/react-dom.development.js:22926:7)
    at commitLayoutEffectOnFiber (webpack-internal:///(app-pages-browser)/./node_modules/.pnpm/next@14.2.15_react-dom@18.3.1_react@18.3.1__react@18.3.1/node_modules/next/dist/compiled/react-dom/cjs/react-dom.development.js:21418:9)
    at recursivelyTraverseLayoutEffects (webpack-internal:///(app-pages-browser)/./node_modules/.pnpm/next@14.2.15_react-dom@18.3.1_react@18.3.1__react@18.3.1/node_modules/next/dist/compiled/react-dom/cjs/react-dom.development.js:22926:7)
    at commitLayoutEffectOnFiber (webpack-internal:///(app-pages-browser)/./node_modules/.pnpm/next@14.2.15_react-dom@18.3.1_react@18.3.1__react@18.3.1/node_modules/next/dist/compiled/react-dom/cjs/react-dom.development.js:21407:9)
    at recursivelyTraverseLayoutEffects (webpack-internal:///(app-pages-browser)/./node_modules/.pnpm/next@14.2.15_react-dom@18.3.1_react@18.3.1__react@18.3.1/node_modules/next/dist/compiled/react-dom/cjs/react-dom.development.js:22926:7)
    at commitLayoutEffectOnFiber (webpack-internal:///(app-pages-browser)/./node_modules/.pnpm/next@14.2.15_react-dom@18.3.1_react@18.3.1__react@18.3.1/node_modules/next/dist/compiled/react-dom/cjs/react-dom.development.js:21418:9)
    at recursivelyTraverseLayoutEffects (webpack-internal:///(app-pages-browser)/./node_modules/.pnpm/next@14.2.15_react-dom@18.3.1_react@18.3.1__react@18.3.1/node_modules/next/dist/compiled/react-dom/cjs/react-dom.development.js:22926:7)
    at commitLayoutEffectOnFiber (webpack-internal:///(app-pages-browser)/./node_modules/.pnpm/next@14.2.15_react-dom@18.3.1_react@18.3.1__react@18.3.1/node_modules/next/dist/compiled/react-dom/cjs/react-dom.development.js:21407:9)
    at recursivelyTraverseLayoutEffects (webpack-internal:///(app-pages-browser)/./node_modules/.pnpm/next@14.2.15_react-dom@18.3.1_react@18.3.1__react@18.3.1/node_modules/next/dist/compiled/react-dom/cjs/react-dom.development.js:22926:7)
    at commitLayoutEffectOnFiber (webpack-internal:///(app-pages-browser)/./node_modules/.pnpm/next@14.2.15_react-dom@18.3.1_react@18.3.1__react@18.3.1/node_modules/next/dist/compiled/react-dom/cjs/react-dom.development.js:21407:9)
    at recursivelyTraverseLayoutEffects (webpack-internal:///(app-pages-browser)/./node_modules/.pnpm/next@14.2.15_react-dom@18.3.1_react@18.3.1__react@18.3.1/node_modules/next/dist/compiled/react-dom/cjs/react-dom.development.js:22926:7)
    at commitLayoutEffectOnFiber (webpack-internal:///(app-pages-browser)/./node_modules/.pnpm/next@14.2.15_react-dom@18.3.1_react@18.3.1__react@18.3.1/node_modules/next/dist/compiled/react-dom/cjs/react-dom.development.js:21407:9)
    at recursivelyTraverseLayoutEffects (webpack-internal:///(app-pages-browser)/./node_modules/.pnpm/next@14.2.15_react-dom@18.3.1_react@18.3.1__react@18.3.1/node_modules/next/dist/compiled/react-dom/cjs/react-dom.development.js:22926:7)
    at commitLayoutEffectOnFiber (webpack-internal:///(app-pages-browser)/./node_modules/.pnpm/next@14.2.15_react-dom@18.3.1_react@18.3.1__react@18.3.1/node_modules/next/dist/compiled/react-dom/cjs/react-dom.development.js:21418:9)
[ 2068087ms] TypeError: Failed to execute 'animate' on 'Element': Offsets must be monotonically non-decreasing.
    at startWaapiAnimation (webpack-internal:///(app-pages-browser)/./node_modules/.pnpm/motion-dom@13.1.1/node_modules/motion-dom/dist/es/animation/waapi/start-waapi-animation.mjs:30:20)
    at new NativeAnimation (webpack-internal:///(app-pages-browser)/./node_modules/.pnpm/motion-dom@13.1.1/node_modules/motion-dom/dist/es/animation/NativeAnimation.mjs:44:111)
    at HTMLVisualElement.bindToMotionValue (webpack-internal:///(app-pages-browser)/./node_modules/.pnpm/motion-dom@13.1.1/node_modules/motion-dom/dist/es/render/VisualElement.mjs:296:31)
    at HTMLVisualElement.addValue (webpack-internal:///(app-pages-browser)/./node_modules/.pnpm/motion-dom@13.1.1/node_modules/motion-dom/dist/es/render/VisualElement.mjs:473:18)
    at updateMotionValuesFromProps (webpack-internal:///(app-pages-browser)/./node_modules/.pnpm/motion-dom@13.1.1/node_modules/motion-dom/dist/es/render/utils/motion-values.mjs:23:21)
    at HTMLVisualElement.update (webpack-internal:///(app-pages-browser)/./node_modules/.pnpm/motion-dom@13.1.1/node_modules/motion-dom/dist/es/render/VisualElement.mjs:423:119)
    at HTMLVisualElement.mount (webpack-internal:///(app-pages-browser)/./node_modules/.pnpm/motion-dom@13.1.1/node_modules/motion-dom/dist/es/render/VisualElement.mjs:256:14)
    at HTMLVisualElement.mount (webpack-internal:///(app-pages-browser)/./node_modules/.pnpm/motion-dom@13.1.1/node_modules/motion-dom/dist/es/render/html/HTMLVisualElement.mjs:41:15)
    at eval (webpack-internal:///(app-pages-browser)/./node_modules/.pnpm/framer-motion@13.1.1_react-dom@18.3.1_react@18.3.1__react@18.3.1/node_modules/framer-motion/dist/es/motion/utils/use-motion-ref.mjs:31:38)
    at commitAttachRef (webpack-internal:///(app-pages-browser)/./node_modules/.pnpm/next@14.2.15_react-dom@18.3.1_react@18.3.1__react@18.3.1/node_modules/next/dist/compiled/react-dom/cjs/react-dom.development.js:21677:37)
    at safelyAttachRef (webpack-internal:///(app-pages-browser)/./node_modules/.pnpm/next@14.2.15_react-dom@18.3.1_react@18.3.1__react@18.3.1/node_modules/next/dist/compiled/react-dom/cjs/react-dom.development.js:20803:5)
    at commitLayoutEffectOnFiber (webpack-internal:///(app-pages-browser)/./node_modules/.pnpm/next@14.2.15_react-dom@18.3.1_react@18.3.1__react@18.3.1/node_modules/next/dist/compiled/react-dom/cjs/react-dom.development.js:21498:11)
    at recursivelyTraverseLayoutEffects (webpack-internal:///(app-pages-browser)/./node_modules/.pnpm/next@14.2.15_react-dom@18.3.1_react@18.3.1__react@18.3.1/node_modules/next/dist/compiled/react-dom/cjs/react-dom.development.js:22926:7)
    at commitLayoutEffectOnFiber (webpack-internal:///(app-pages-browser)/./node_modules/.pnpm/next@14.2.15_react-dom@18.3.1_react@18.3.1__react@18.3.1/node_modules/next/dist/compiled/react-dom/cjs/react-dom.development.js:21577:9)
    at recursivelyTraverseLayoutEffects (webpack-internal:///(app-pages-browser)/./node_modules/.pnpm/next@14.2.15_react-dom@18.3.1_react@18.3.1__react@18.3.1/node_modules/next/dist/compiled/react-dom/cjs/react-dom.development.js:22926:7)
    at commitLayoutEffectOnFiber (webpack-internal:///(app-pages-browser)/./node_modules/.pnpm/next@14.2.15_react-dom@18.3.1_react@18.3.1__react@18.3.1/node_modules/next/dist/compiled/react-dom/cjs/react-dom.development.js:21407:9)
    at recursivelyTraverseLayoutEffects (webpack-internal:///(app-pages-browser)/./node_modules/.pnpm/next@14.2.15_react-dom@18.3.1_react@18.3.1__react@18.3.1/node_modules/next/dist/compiled/react-dom/cjs/react-dom.development.js:22926:7)
    at commitLayoutEffectOnFiber (webpack-internal:///(app-pages-browser)/./node_modules/.pnpm/next@14.2.15_react-dom@18.3.1_react@18.3.1__react@18.3.1/node_modules/next/dist/compiled/react-dom/cjs/react-dom.development.js:21407:9)
    at recursivelyTraverseLayoutEffects (webpack-internal:///(app-pages-browser)/./node_modules/.pnpm/next@14.2.15_react-dom@18.3.1_react@18.3.1__react@18.3.1/node_modules/next/dist/compiled/react-dom/cjs/react-dom.development.js:22926:7)
    at commitLayoutEffectOnFiber (webpack-internal:///(app-pages-browser)/./node_modules/.pnpm/next@14.2.15_react-dom@18.3.1_react@18.3.1__react@18.3.1/node_modules/next/dist/compiled/react-dom/cjs/react-dom.development.js:21488:9)
    at recursivelyTraverseLayoutEffects (webpack-internal:///(app-pages-browser)/./node_modules/.pnpm/next@14.2.15_react-dom@18.3.1_react@18.3.1__react@18.3.1/node_modules/next/dist/compiled/react-dom/cjs/react-dom.development.js:22926:7)
    at commitLayoutEffectOnFiber (webpack-internal:///(app-pages-browser)/./node_modules/.pnpm/next@14.2.15_react-dom@18.3.1_react@18.3.1__react@18.3.1/node_modules/next/dist/compiled/react-dom/cjs/react-dom.development.js:21488:9)
    at recursivelyTraverseLayoutEffects (webpack-internal:///(app-pages-browser)/./node_modules/.pnpm/next@14.2.15_react-dom@18.3.1_react@18.3.1__react@18.3.1/node_modules/next/dist/compiled/react-dom/cjs/react-dom.development.js:22926:7)
    at commitLayoutEffectOnFiber (webpack-internal:///(app-pages-browser)/./node_modules/.pnpm/next@14.2.15_react-dom@18.3.1_react@18.3.1__react@18.3.1/node_modules/next/dist/compiled/react-dom/cjs/react-dom.development.js:21488:9)
    at recursivelyTraverseLayoutEffects (webpack-internal:///(app-pages-browser)/./node_modules/.pnpm/next@14.2.15_react-dom@18.3.1_react@18.3.1__react@18.3.1/node_modules/next/dist/compiled/react-dom/cjs/react-dom.development.js:22926:7)
    at commitLayoutEffectOnFiber (webpack-internal:///(app-pages-browser)/./node_modules/.pnpm/next@14.2.15_react-dom@18.3.1_react@18.3.1__react@18.3.1/node_modules/next/dist/compiled/react-dom/cjs/react-dom.development.js:21407:9)
    at recursivelyTraverseLayoutEffects (webpack-internal:///(app-pages-browser)/./node_modules/.pnpm/next@14.2.15_react-dom@18.3.1_react@18.3.1__react@18.3.1/node_modules/next/dist/compiled/react-dom/cjs/react-dom.development.js:22926:7)
    at commitLayoutEffectOnFiber (webpack-internal:///(app-pages-browser)/./node_modules/.pnpm/next@14.2.15_react-dom@18.3.1_react@18.3.1__react@18.3.1/node_modules/next/dist/compiled/react-dom/cjs/react-dom.development.js:21488:9)
    at recursivelyTraverseLayoutEffects (webpack-internal:///(app-pages-browser)/./node_modules/.pnpm/next@14.2.15_react-dom@18.3.1_react@18.3.1__react@18.3.1/node_modules/next/dist/compiled/react-dom/cjs/react-dom.development.js:22926:7)
    at commitLayoutEffectOnFiber (webpack-internal:///(app-pages-browser)/./node_modules/.pnpm/next@14.2.15_react-dom@18.3.1_react@18.3.1__react@18.3.1/node_modules/next/dist/compiled/react-dom/cjs/react-dom.development.js:21577:9)
    at recursivelyTraverseLayoutEffects (webpack-internal:///(app-pages-browser)/./node_modules/.pnpm/next@14.2.15_react-dom@18.3.1_react@18.3.1__react@18.3.1/node_modules/next/dist/compiled/react-dom/cjs/react-dom.development.js:22926:7)
    at commitLayoutEffectOnFiber (webpack-internal:///(app-pages-browser)/./node_modules/.pnpm/next@14.2.15_react-dom@18.3.1_react@18.3.1__react@18.3.1/node_modules/next/dist/compiled/react-dom/cjs/react-dom.development.js:21577:9)
    at recursivelyTraverseLayoutEffects (webpack-internal:///(app-pages-browser)/./node_modules/.pnpm/next@14.2.15_react-dom@18.3.1_react@18.3.1__react@18.3.1/node_modules/next/dist/compiled/react-dom/cjs/react-dom.development.js:22926:7)
    at commitLayoutEffectOnFiber (webpack-internal:///(app-pages-browser)/./node_modules/.pnpm/next@14.2.15_react-dom@18.3.1_react@18.3.1__react@18.3.1/node_modules/next/dist/compiled/react-dom/cjs/react-dom.development.js:21577:9)
    at recursivelyTraverseLayoutEffects (webpack-internal:///(app-pages-browser)/./node_modules/.pnpm/next@14.2.15_react-dom@18.3.1_react@18.3.1__react@18.3.1/node_modules/next/dist/compiled/react-dom/cjs/react-dom.development.js:22926:7)
    at commitLayoutEffectOnFiber (webpack-internal:///(app-pages-browser)/./node_modules/.pnpm/next@14.2.15_react-dom@18.3.1_react@18.3.1__react@18.3.1/node_modules/next/dist/compiled/react-dom/cjs/react-dom.development.js:21407:9)
    at recursivelyTraverseLayoutEffects (webpack-internal:///(app-pages-browser)/./node_modules/.pnpm/next@14.2.15_react-dom@18.3.1_react@18.3.1__react@18.3.1/node_modules/next/dist/compiled/react-dom/cjs/react-dom.development.js:22926:7)
    at commitLayoutEffectOnFiber (webpack-internal:///(app-pages-browser)/./node_modules/.pnpm/next@14.2.15_react-dom@18.3.1_react@18.3.1__react@18.3.1/node_modules/next/dist/compiled/react-dom/cjs/react-dom.development.js:21418:9)
    at recursivelyTraverseLayoutEffects (webpack-internal:///(app-pages-browser)/./node_modules/.pnpm/next@14.2.15_react-dom@18.3.1_react@18.3.1__react@18.3.1/node_modules/next/dist/compiled/react-dom/cjs/react-dom.development.js:22926:7)
    at commitLayoutEffectOnFiber (webpack-internal:///(app-pages-browser)/./node_modules/.pnpm/next@14.2.15_react-dom@18.3.1_react@18.3.1__react@18.3.1/node_modules/next/dist/compiled/react-dom/cjs/react-dom.development.js:21407:9)
    at recursivelyTraverseLayoutEffects (webpack-internal:///(app-pages-browser)/./node_modules/.pnpm/next@14.2.15_react-dom@18.3.1_react@18.3.1__react@18.3.1/node_modules/next/dist/compiled/react-dom/cjs/react-dom.development.js:22926:7)
    at commitLayoutEffectOnFiber (webpack-internal:///(app-pages-browser)/./node_modules/.pnpm/next@14.2.15_react-dom@18.3.1_react@18.3.1__react@18.3.1/node_modules/next/dist/compiled/react-dom/cjs/react-dom.development.js:21418:9)
    at recursivelyTraverseLayoutEffects (webpack-internal:///(app-pages-browser)/./node_modules/.pnpm/next@14.2.15_react-dom@18.3.1_react@18.3.1__react@18.3.1/node_modules/next/dist/compiled/react-dom/cjs/react-dom.development.js:22926:7)
    at commitLayoutEffectOnFiber (webpack-internal:///(app-pages-browser)/./node_modules/.pnpm/next@14.2.15_react-dom@18.3.1_react@18.3.1__react@18.3.1/node_modules/next/dist/compiled/react-dom/cjs/react-dom.development.js:21407:9)
    at recursivelyTraverseLayoutEffects (webpack-internal:///(app-pages-browser)/./node_modules/.pnpm/next@14.2.15_react-dom@18.3.1_react@18.3.1__react@18.3.1/node_modules/next/dist/compiled/react-dom/cjs/react-dom.development.js:22926:7)
    at commitLayoutEffectOnFiber (webpack-internal:///(app-pages-browser)/./node_modules/.pnpm/next@14.2.15_react-dom@18.3.1_react@18.3.1__react@18.3.1/node_modules/next/dist/compiled/react-dom/cjs/react-dom.development.js:21407:9)
    at recursivelyTraverseLayoutEffects (webpack-internal:///(app-pages-browser)/./node_modules/.pnpm/next@14.2.15_react-dom@18.3.1_react@18.3.1__react@18.3.1/node_modules/next/dist/compiled/react-dom/cjs/react-dom.development.js:22926:7)
    at commitLayoutEffectOnFiber (webpack-internal:///(app-pages-browser)/./node_modules/.pnpm/next@14.2.15_react-dom@18.3.1_react@18.3.1__react@18.3.1/node_modules/next/dist/compiled/react-dom/cjs/react-dom.development.js:21407:9)
    at recursivelyTraverseLayoutEffects (webpack-internal:///(app-pages-browser)/./node_modules/.pnpm/next@14.2.15_react-dom@18.3.1_react@18.3.1__react@18.3.1/node_modules/next/dist/compiled/react-dom/cjs/react-dom.development.js:22926:7)
    at commitLayoutEffectOnFiber (webpack-internal:///(app-pages-browser)/./node_modules/.pnpm/next@14.2.15_react-dom@18.3.1_react@18.3.1__react@18.3.1/node_modules/next/dist/compiled/react-dom/cjs/react-dom.development.js:21418:9)
[ 2068125ms] [ERROR] The above error occurred in the <NotFoundErrorBoundary> component:

    at div
    at MotionDOMComponent (webpack-internal:///(app-pages-browser)/./node_modules/.pnpm/framer-motion@13.1.1_react-dom@18.3.1_react@18.3.1__react@18.3.1/node_modules/framer-motion/dist/es/motion/index.mjs:65:65)
    at StatementLine (webpack-internal:///(app-pages-browser)/./src/components/sections/TransitionStatements.tsx:48:11)
    at div
    at div
    at section
    at TransitionStatements (webpack-internal:///(app-pages-browser)/./src/components/sections/TransitionStatements.tsx:155:62)
    at main
    at Home (Server)
    at Home (Server)
    at InnerLayoutRouter (webpack-internal:///(app-pages-browser)/./node_modules/.pnpm/next@14.2.15_react-dom@18.3.1_react@18.3.1__react@18.3.1/node_modules/next/dist/client/components/layout-router.js:243:11)
    at RedirectErrorBoundary (webpack-internal:///(app-pages-browser)/./node_modules/.pnpm/next@14.2.15_react-dom@18.3.1_react@18.3.1__react@18.3.1/node_modules/next/dist/client/components/redirect-boundary.js:74:9)
    at RedirectBoundary (webpack-internal:///(app-pages-browser)/./node_modules/.pnpm/next@14.2.15_react-dom@18.3.1_react@18.3.1__react@18.3.1/node_modules/next/dist/client/components/redirect-boundary.js:82:11)
    at NotFoundErrorBoundary (webpack-internal:///(app-pages-browser)/./node_modules/.pnpm/next@14.2.15_react-dom@18.3.1_react@18.3.1__react@18.3.1/node_modules/next/dist/client/components/not-found-boundary.js:76:9)
    at NotFoundBoundary (webpack-internal:///(app-pages-browser)/./node_modules/.pnpm/next@14.2.15_react-dom@18.3.1_react@18.3.1__react@18.3.1/node_modules/next/dist/client/components/not-found-boundary.js:84:11)
    at LoadingBoundary (webpack-internal:///(app-pages-browser)/./node_modules/.pnpm/next@14.2.15_react-dom@18.3.1_react@18.3.1__react@18.3.1/node_modules/next/dist/client/components/layout-router.js:349:11)
    at ErrorBoundary (webpack-internal:///(app-pages-browser)/./node_modules/.pnpm/next@14.2.15_react-dom@18.3.1_react@18.3.1__react@18.3.1/node_modules/next/dist/client/components/error-boundary.js:160:11)
    at InnerScrollAndFocusHandler (webpack-internal:///(app-pages-browser)/./node_modules/.pnpm/next@14.2.15_react-dom@18.3.1_react@18.3.1__react@18.3.1/node_modules/next/dist/client/components/layout-router.js:153:9)
    at ScrollAndFocusHandler (webpack-internal:///(app-pages-browser)/./node_modules/.pnpm/next@14.2.15_react-dom@18.3.1_react@18.3.1__react@18.3.1/node_modules/next/dist/client/components/layout-router.js:228:11)
    at RenderFromTemplateContext (webpack-internal:///(app-pages-browser)/./node_modules/.pnpm/next@14.2.15_react-dom@18.3.1_react@18.3.1__react@18.3.1/node_modules/next/dist/client/components/render-from-template-context.js:16:44)
    at OuterLayoutRouter (webpack-internal:///(app-pages-browser)/./node_modules/.pnpm/next@14.2.15_react-dom@18.3.1_react@18.3.1__react@18.3.1/node_modules/next/dist/client/components/layout-router.js:370:11)
    at body
    at html
    at RootLayout (Server)
    at RedirectErrorBoundary (webpack-internal:///(app-pages-browser)/./node_modules/.pnpm/next@14.2.15_react-dom@18.3.1_react@18.3.1__react@18.3.1/node_modules/next/dist/client/components/redirect-boundary.js:74:9)
    at RedirectBoundary (webpack-internal:///(app-pages-browser)/./node_modules/.pnpm/next@14.2.15_react-dom@18.3.1_react@18.3.1__react@18.3.1/node_modules/next/dist/client/components/redirect-boundary.js:82:11)
    at NotFoundErrorBoundary (webpack-internal:///(app-pages-browser)/./node_modules/.pnpm/next@14.2.15_react-dom@18.3.1_react@18.3.1__react@18.3.1/node_modules/next/dist/client/components/not-found-boundary.js:76:9)
    at NotFoundBoundary (webpack-internal:///(app-pages-browser)/./node_modules/.pnpm/next@14.2.15_react-dom@18.3.1_react@18.3.1__react@18.3.1/node_modules/next/dist/client/components/not-found-boundary.js:84:11)
    at DevRootNotFoundBoundary (webpack-internal:///(app-pages-browser)/./node_modules/.pnpm/next@14.2.15_react-dom@18.3.1_react@18.3.1__react@18.3.1/node_modules/next/dist/client/components/dev-root-not-found-boundary.js:33:11)
    at ReactDevOverlay (webpack-internal:///(app-pages-browser)/./node_modules/.pnpm/next@14.2.15_react-dom@18.3.1_react@18.3.1__react@18.3.1/node_modules/next/dist/client/components/react-dev-overlay/app/ReactDevOverlay.js:87:9)
    at HotReload (webpack-internal:///(app-pages-browser)/./node_modules/.pnpm/next@14.2.15_react-dom@18.3.1_react@18.3.1__react@18.3.1/node_modules/next/dist/client/components/react-dev-overlay/app/hot-reloader-client.js:321:11)
    at Router (webpack-internal:///(app-pages-browser)/./node_modules/.pnpm/next@14.2.15_react-dom@18.3.1_react@18.3.1__react@18.3.1/node_modules/next/dist/client/components/app-router.js:207:11)
    at ErrorBoundaryHandler (webpack-internal:///(app-pages-browser)/./node_modules/.pnpm/next@14.2.15_react-dom@18.3.1_react@18.3.1__react@18.3.1/node_modules/next/dist/client/components/error-boundary.js:113:9)
    at ErrorBoundary (webpack-internal:///(app-pages-browser)/./node_modules/.pnpm/next@14.2.15_react-dom@18.3.1_react@18.3.1__react@18.3.1/node_modules/next/dist/client/components/error-boundary.js:160:11)
    at AppRouter (webpack-internal:///(app-pages-browser)/./node_modules/.pnpm/next@14.2.15_react-dom@18.3.1_react@18.3.1__react@18.3.1/node_modules/next/dist/client/components/app-router.js:585:13)
    at ServerRoot (webpack-internal:///(app-pages-browser)/./node_modules/.pnpm/next@14.2.15_react-dom@18.3.1_react@18.3.1__react@18.3.1/node_modules/next/dist/client/app-index.js:112:27)
    at Root (webpack-internal:///(app-pages-browser)/./node_modules/.pnpm/next@14.2.15_react-dom@18.3.1_react@18.3.1__react@18.3.1/node_modules/next/dist/client/app-index.js:117:11)

React will try to recreate this component tree from scratch using the error boundary you provided, ReactDevOverlay. @ webpack-internal:///(app-pages-browser)/./node_modules/.pnpm/next@14.2.15_react-dom@18.3.1_react@18.3.1__react@18.3.1/node_modules/next/dist/client/app-index.js:32
[ 2347995ms] [LOG] [Fast Refresh] rebuilding @ webpack-internal:///(app-pages-browser)/./node_modules/.pnpm/next@14.2.15_react-dom@18.3.1_react@18.3.1__react@18.3.1/node_modules/next/dist/client/components/react-dev-overlay/app/hot-reloader-client.js:186
[ 2350316ms] [WARNING] [Fast Refresh] performing full reload because your application had an unrecoverable error @ webpack-internal:///(app-pages-browser)/./node_modules/.pnpm/next@14.2.15_react-dom@18.3.1_react@18.3.1__react@18.3.1/node_modules/next/dist/client/components/react-dev-overlay/app/hot-reloader-client.js:114
[ 2352006ms] [INFO] %cDownload the React DevTools for a better development experience: https://reactjs.org/link/react-devtools font-weight:bold @ webpack-internal:///(app-pages-browser)/./node_modules/.pnpm/next@14.2.15_react-dom@18.3.1_react@18.3.1__react@18.3.1/node_modules/next/dist/compiled/react-dom/cjs/react-dom.development.js:38559
[ 2445254ms] [INFO] %cDownload the React DevTools for a better development experience: https://reactjs.org/link/react-devtools font-weight:bold @ webpack-internal:///(app-pages-browser)/./node_modules/.pnpm/next@14.2.15_react-dom@18.3.1_react@18.3.1__react@18.3.1/node_modules/next/dist/compiled/react-dom/cjs/react-dom.development.js:38559
[ 5856055ms] Error: Minified React error #418; visit https://react.dev/errors/418 for the full message or use the non-minified dev environment for full errors and additional helpful warnings.
    at t5 (http://localhost:3000/_next/static/chunks/c56bfed3-66e7355723c14b60.js:1:24670)
    at iZ (http://localhost:3000/_next/static/chunks/c56bfed3-66e7355723c14b60.js:1:120535)
    at ia (http://localhost:3000/_next/static/chunks/c56bfed3-66e7355723c14b60.js:1:95162)
    at http://localhost:3000/_next/static/chunks/c56bfed3-66e7355723c14b60.js:1:91088
    at http://localhost:3000/_next/static/chunks/c56bfed3-66e7355723c14b60.js:1:91095
    at oZ (http://localhost:3000/_next/static/chunks/c56bfed3-66e7355723c14b60.js:1:91200)
    at MessagePort.T (http://localhost:3000/_next/static/chunks/330-07c4f8fd236863dc.js:1:83959)
[ 5856059ms] Error: Minified React error #418; visit https://react.dev/errors/418 for the full message or use the non-minified dev environment for full errors and additional helpful warnings.
    at t5 (http://localhost:3000/_next/static/chunks/c56bfed3-66e7355723c14b60.js:1:24670)
    at iZ (http://localhost:3000/_next/static/chunks/c56bfed3-66e7355723c14b60.js:1:120535)
    at ia (http://localhost:3000/_next/static/chunks/c56bfed3-66e7355723c14b60.js:1:95162)
    at http://localhost:3000/_next/static/chunks/c56bfed3-66e7355723c14b60.js:1:91088
    at http://localhost:3000/_next/static/chunks/c56bfed3-66e7355723c14b60.js:1:91095
    at oZ (http://localhost:3000/_next/static/chunks/c56bfed3-66e7355723c14b60.js:1:91200)
    at MessagePort.T (http://localhost:3000/_next/static/chunks/330-07c4f8fd236863dc.js:1:83959)
[ 5856059ms] Error: Minified React error #418; visit https://react.dev/errors/418 for the full message or use the non-minified dev environment for full errors and additional helpful warnings.
    at t5 (http://localhost:3000/_next/static/chunks/c56bfed3-66e7355723c14b60.js:1:24670)
    at iZ (http://localhost:3000/_next/static/chunks/c56bfed3-66e7355723c14b60.js:1:120535)
    at ia (http://localhost:3000/_next/static/chunks/c56bfed3-66e7355723c14b60.js:1:95162)
    at http://localhost:3000/_next/static/chunks/c56bfed3-66e7355723c14b60.js:1:91088
    at http://localhost:3000/_next/static/chunks/c56bfed3-66e7355723c14b60.js:1:91095
    at oZ (http://localhost:3000/_next/static/chunks/c56bfed3-66e7355723c14b60.js:1:91200)
    at MessagePort.T (http://localhost:3000/_next/static/chunks/330-07c4f8fd236863dc.js:1:83959)
[ 5856059ms] Error: Minified React error #418; visit https://react.dev/errors/418 for the full message or use the non-minified dev environment for full errors and additional helpful warnings.
    at t5 (http://localhost:3000/_next/static/chunks/c56bfed3-66e7355723c14b60.js:1:24670)
    at iZ (http://localhost:3000/_next/static/chunks/c56bfed3-66e7355723c14b60.js:1:120535)
    at ia (http://localhost:3000/_next/static/chunks/c56bfed3-66e7355723c14b60.js:1:95162)
    at http://localhost:3000/_next/static/chunks/c56bfed3-66e7355723c14b60.js:1:91088
    at http://localhost:3000/_next/static/chunks/c56bfed3-66e7355723c14b60.js:1:91095
    at oZ (http://localhost:3000/_next/static/chunks/c56bfed3-66e7355723c14b60.js:1:91200)
    at MessagePort.T (http://localhost:3000/_next/static/chunks/330-07c4f8fd236863dc.js:1:83959)
[ 5856059ms] Error: Minified React error #418; visit https://react.dev/errors/418 for the full message or use the non-minified dev environment for full errors and additional helpful warnings.
    at t5 (http://localhost:3000/_next/static/chunks/c56bfed3-66e7355723c14b60.js:1:24670)
    at iZ (http://localhost:3000/_next/static/chunks/c56bfed3-66e7355723c14b60.js:1:120611)
    at ia (http://localhost:3000/_next/static/chunks/c56bfed3-66e7355723c14b60.js:1:95162)
    at http://localhost:3000/_next/static/chunks/c56bfed3-66e7355723c14b60.js:1:91088
    at http://localhost:3000/_next/static/chunks/c56bfed3-66e7355723c14b60.js:1:91095
    at oZ (http://localhost:3000/_next/static/chunks/c56bfed3-66e7355723c14b60.js:1:91200)
    at MessagePort.T (http://localhost:3000/_next/static/chunks/330-07c4f8fd236863dc.js:1:83959)
[ 5856059ms] Error: Minified React error #423; visit https://react.dev/errors/423 for the full message or use the non-minified dev environment for full errors and additional helpful warnings.
    at iZ (http://localhost:3000/_next/static/chunks/c56bfed3-66e7355723c14b60.js:1:118349)
    at ia (http://localhost:3000/_next/static/chunks/c56bfed3-66e7355723c14b60.js:1:95162)
    at http://localhost:3000/_next/static/chunks/c56bfed3-66e7355723c14b60.js:1:94984
    at il (http://localhost:3000/_next/static/chunks/c56bfed3-66e7355723c14b60.js:1:94991)
    at oJ (http://localhost:3000/_next/static/chunks/c56bfed3-66e7355723c14b60.js:1:92347)
    at oZ (http://localhost:3000/_next/static/chunks/c56bfed3-66e7355723c14b60.js:1:91766)
    at MessagePort.T (http://localhost:3000/_next/static/chunks/330-07c4f8fd236863dc.js:1:83959)
